user_id,review_count,average_stars,fans,yelping_since_year,friends_count,elite_count,group
B3xwUPXMlCb7_5IEDlq4Uw,8,3.89,0,6,97,0,1
Pc5vc0RuoCa8YU6hD-y3Ow,8,4.25,0,9,1,0,1
dz1RKDdHziTy0uw7VtXeXQ,1,1,0,3,63,0,1
6OmHL9dwt5RmKwhGFgjvAA,2,5,0,7,32,0,1
tGbVIKlZAPGrt3VjTn7gRA,5,4.5,0,5,47,0,1
0EocYOZhpDTYqqO_uYbw5A,15,4.67,1,7,78,0,1
W_V8_Id9tpOcZAG1hxcLxg,2,1.5,0,7,55,0,1
1x_2iGnd7j5jcB7VjmFZvQ,2,5,0,10,57,0,1
6Gu9vLSSuo9N5o3xRQcO5g,2,3,0,9,38,0,1
ucj0RT3ZsWHFXQssLq-wmQ,148,3.97,7,8,128,2,1
_a7BES74d_thQfpNBuk8Gw,1,5,0,3,79,0,1
jhpYtJj6mijxNGWRARt7ew,34,4.21,3,8,29,0,1
pxNqVoIR6jmq9iRofZlWHg,26,4,1,7,17,1,1
hP3rxCq8ehdHhNRMiqHm8g,1,4,0,7,13,0,1
FWdE42RE3Iw5J6nGpwPrGQ,4,4.5,1,6,34,0,1
oT9xtXushAFZk3kxbQ921A,6,2.67,0,4,20,0,1
DCW6q3f_dp7js3rJnt5qpw,35,4.88,0,7,65,0,1
PUlzNLNkXdiNacqM9-aiNA,179,3.22,14,7,200,2,1
QQNL-E-gdngVI6WklZmwjQ,4,3.5,0,4,37,0,1
BDtYwdjAvjlE5JftlTVgEg,33,3.34,2,6,27,0,1
LJYX_FxiaudA38sZ9bY8bg,11,2,0,4,32,0,1
E4SGh8tQPgQyShyfzdTiSw,9,4.67,0,7,143,0,1
D2_gTyhIJYi_fcWl_YsGxg,2,4,0,5,116,0,1
Oqa4MoR-8xxKmQBIEdwT2g,91,4.37,5,9,8,3,1
61_I08pvZFTyz4V-RLWfaQ,1,5,0,7,10,0,1
iFwx8TYRc2soj0FZ4P5wRA,1,5,0,4,29,0,1
4qZQbroPWUiK46f3FaG-fw,5,4.2,0,7,2,0,1
XE5haHcvFyrKvLbuBf7K6g,3,4.67,0,8,12,0,1
exzIgEZgAW8vrjTNdiIrsw,4,2,0,3,19,0,1
Tz4kQp5cBI9dMnlP22BGYQ,6,3.67,0,6,21,0,1
_9Ndt4kt_LTnubss5lMFjQ,11,4,1,5,1,0,1
wxz2JGtYi-WfZ2y_8rFUaw,4,4.25,0,7,72,0,1
BLbsbggo3xeo_-4n_GlnLg,1,5,0,5,26,0,1
4jkYVw74Rn7qPqWfRN9jag,50,3.92,3,9,13,0,1
BToDLKq7Fn3D0ZAWhfRGSA,13,5,0,5,27,0,1
crHoHNqoCojNZqnP1qzcFQ,20,3.2,0,4,20,0,1
qvo_NDLZOerWnND-imEQ7A,2,3.5,0,6,10,0,1
#NAME?,3,2,0,5,15,0,1
5UsYu-CU-GnamR58UGoJHA,11,2.35,2,8,51,0,1
GLoS64mZAIOltQdEmtbXyQ,5,3.67,0,5,4,0,1
jEBySjq6tgL-_R3P7LHq0w,204,3.75,13,8,209,5,1
x9EYwqIeSX8HK4emd15mcQ,1,5,0,6,25,0,1
LCXkExkjk4dPOZgp5PjaRQ,39,3.59,5,10,19,0,1
f0p-m_IjupjHREdtk9CImA,72,3.18,2,8,64,0,1
fcgF4Vny2sOZc0-4LRmGdQ,21,3.83,1,8,9,0,1
aa-KQ0ppeZ4yDvnKTuPqPw,7,4,0,4,78,0,1
rg39hMItRanAagZIfmyPDQ,1,1,0,7,112,0,1
Y6TO-QMpR5kTxuQGkxvl2g,22,4.81,1,8,134,0,1
w4Z6G7t13s-XSkTV04pNrQ,7,4.86,2,7,490,0,1
7X0I8tS1sxsMCYNshfEXCA,5,3.4,1,3,38,0,1
B-FRk0KUWu42H2g-NkhVfw,25,3.88,1,11,6,0,1
Lu3YrkK3uf4ejVB5sTTu1A,3,5,0,5,105,0,1
b6Qx-nNhK7w4gDycvAyOzg,6,3.75,1,5,15,0,1
6E95Z4ODzcdbzM4dqCLgtQ,3,4.67,5,8,55,0,1
baXtWO95tAMklcv0Aypqdg,2,3,0,7,14,0,1
2IWP7DubDnm6MXrSelJxdA,8,4,1,7,97,0,1
z5L_LM_DD0foF46qqxHFuw,6,5,1,5,10,0,1
2GJOlAq41J4ixaXESLATMA,21,3.81,1,5,23,0,1
caEisRFzWv_Trxjekjywdw,39,3.44,2,9,53,0,1
uX0DDlXgovEtER5i8x9_GQ,3,4,0,4,1,0,1
giUfhxvrAG9yG5D_DDYC0A,1,5,0,7,5,0,1
aA5E4aiz1jw48qKoRjeAyg,4,4.8,0,5,54,0,1
-FA36aFa-9pQK0HrlQBgkQ,7,2.71,0,8,8,0,1
a-goa3WJ-zqfpXYrwF2DuA,2,5,0,8,72,0,1
hiY9wDeyceuly5eiK0Df0g,4,4.75,4,7,85,0,1
c6ZHZWqI_Q2XF5eUb2Iryw,55,3.51,6,6,32,0,1
Vu7-Krt1AeC8KuEn_dIiog,17,4.71,0,7,136,0,1
dLb3ogF0OeHDNZKEOvJwNw,23,2.96,0,5,44,0,1
ALS8-fmrUkYkpTrxpgtytg,89,4.02,5,10,69,0,1
qTllTILQ6JVifkO-5ezm2Q,25,3.82,1,9,3,0,1
R5E1OgLvd4fZwP8CwS10kg,2,5,0,4,4,0,1
8bk5d99ijMFGDIcExqxdmg,19,3.35,1,6,57,0,1
0gcUB8tSeuHh0cAAybInHQ,4,4.5,1,7,177,0,1
dxKI_NZrnClrRt0cm90qHg,4,4,3,9,175,0,1
lY_ib4QtmxgMMhsuPwoPlw,7,2.71,0,5,1,0,1
mXEvgQU3ml42RDnuaUs_tw,12,3.58,1,5,47,0,1
w_PPO6s7M0CM9bn4V_TyBQ,3,3.67,0,9,1,0,1
eh7x5colE_ndZ0eQVSTvKg,17,3.18,1,6,33,0,1
IiL-YzXa05JkNTb1Gxfm9Q,1,5,1,5,32,0,1
qpSrJxrgzDrsnIttrlLB3Q,6,4.71,1,8,75,0,1
_uZd-ijm9w7GPViMNtJgWw,1,1,0,4,4,0,1
q3Wv5-Yi2h1AEf3uv9K1-g,11,4,4,11,12,0,1
f16ua7mhdN5Nn-KxgZvW8g,44,3.8,1,8,35,0,1
S0mcU7rElQPVbaeUnHUbJw,3,4.67,0,3,15,0,1
ISahnkKoamvatZ3xnVokNg,10,4.2,2,6,43,0,1
pHPufqViKuklBVlIozp7eQ,1,5,0,8,6,0,1
HekAkUZz8yBw1rdhgTIhRw,2,5,0,5,350,0,1
Ms93Xm8HYjnhVqb0TjhQiQ,49,3.76,6,10,59,0,1
WTuLuxMEeArXsVj3HYq01Q,8,4.11,0,9,114,0,1
AzmSmD_Wlht0IlS3Uu7O1A,86,4.06,6,9,83,0,1
8Gtua8Et4B-gk-UlUuyb2w,3,4.67,0,6,72,0,1
goaA5H0P6w8qmttQWZw6VQ,2,5,0,3,62,0,1
H9MVh5DZs4lghf5zpXf6sQ,14,3.79,0,6,83,0,1
IFWt7gDstI17rP7S7j4P-Q,10,3.1,0,6,28,0,1
8YkQxEq9fKqeHqrcOfpBuQ,21,3.91,1,9,11,0,1
rxdj5hrsrQRDyoF630mw8A,9,5,4,5,89,0,1
n0SH4EU7u2_5b0zmXaHR3Q,8,3.36,0,8,19,0,1
_htQl0vDgYY62dOVAp1YpA,5,3.4,0,3,24,0,1
2j2NfvI7GWwKEn52aHqaFA,15,3.41,2,7,7,0,1
qN5kvYQyIXMK5iGT41_w9A,25,3.67,1,10,7,0,1
0Q5EIFIxISWttluPPHh2ag,68,4.16,7,5,97,0,1
uwKh4jZlQIOl6ftxUEM2dQ,4,3.75,0,4,28,0,1
SBSbNqZEIuwrTpYrasz2JQ,50,3.22,2,8,96,0,1
iuRrbzMk5TpLvuYKADT02A,59,3.79,1,9,41,0,1
NflYpzJGG6vALUn4k4x8Hw,6,4.17,0,5,32,0,1
WpVJ9aB7-574oaIMOX74GA,5,3.8,0,3,20,0,1
zqlPC8si6HiF_OO0DXsJ2w,3,4.33,0,3,29,0,1
9Y1iAO71bxFxyTqNfcCP4g,1,5,0,4,88,0,1
LeA28peUE0NS4VFat7r0tA,8,4,0,8,3,0,1
SsIpqSILQcKeIZGgfyf65g,11,4.42,1,7,23,0,1
clVN_7AYd1NvfVILjX-bWw,21,4.04,3,7,27,0,1
bI9ePxhXe746uNXbUNz2mw,13,4.64,0,7,20,0,1
ruXepzdT86-b9lns7gLi4g,38,3.97,2,7,26,0,1
CNUIMSJtYIqvW77xsEM05A,7,4.71,0,3,53,0,1
6wnlj7ahkBOWTSooAyQCfA,35,4.19,1,10,45,0,1
FxajD_lvE-rbhOwjVqNkGg,1,1,0,6,10,0,1
8GtX-vTqb9Z3WrzpZWWlkg,158,3.84,5,4,103,2,1
VeVzSe_i2v3zupgWB3GSGw,10,3.18,0,5,63,0,1
0G9BcXSQscv_GnhlNwFfjw,105,3.09,15,9,84,0,1
b3DwFWcdQnhKfq-Q4zyEGA,16,4.31,0,6,14,0,1
hWu_RSxcmUd043POzZw5xg,1,4.5,0,6,38,0,1
GN3xlQWQU-ZPkv_xvnXPbA,3,5,0,4,24,0,1
GF_2lC4TruIch3X3i4DTvA,6,3.86,2,7,15,0,1
MhEhmrOR_5EFGSM5VFGBjA,37,4.1,0,2,108,0,1
uJzQ3ee1eeF15Vr4GSTc6A,7,3.29,0,5,29,0,1
TKUDEXpPmUX5fgrPqFI9Xw,9,3.78,0,7,71,0,1
Xx8dQD529LRQDSOy99mQdA,7,3,0,6,28,0,1
2i3mcLiWPIZGguE-0Ee2Yw,44,3.93,2,5,36,0,1
yLZ1-L0u0K0eu2OpnJvzYw,15,4.31,0,10,34,0,1
mb5Y81241fDnqpAyiNb40A,3,3.67,0,4,16,0,1
4EqVzE35BxQOudwzrpGAXA,1,5,0,3,5,0,1
HTcyaJ4HzntyR3UjkpWJVw,8,4.38,0,8,21,0,1
vI7Cqa6oIsO0Z_pECZabSA,1,5,0,2,13,0,1
c0M6NhoyoTtkkwwBKoY38w,7,3.29,4,9,50,0,1
B3I2gWtcgqOW4gW4KGQurw,130,3.66,4,9,28,2,1
YH-db0L9-Jy9u_3-mb4SuA,11,4.42,2,9,164,0,1
mpeE03Ul_rvLQ4Io-o6Sjg,91,3.15,7,11,31,0,1
pzTxkjNqm8MYYTh4pBur-A,1,1,0,4,20,0,1
WH50Koz46e8ZIOjc5I48OA,1,1,0,2,63,0,1
uZcREmV4dmnvQOrINogFEw,15,3.33,1,4,17,0,1
XE4F99D2jA6Fj0BWSVbRWg,367,3.45,14,9,98,5,1
CSU-gsMYWwPgBfTiLze7Cg,9,4.44,0,6,6,0,1
Lm6kEvb_YnzL-p17P1jw9Q,197,3.48,5,10,39,4,1
aIta5Y0O6ftVZF5AQAfrhw,2,3.5,0,5,29,0,1
z_vLZXaf7isHwz_D8HlLsA,2,5,2,7,78,0,1
QNINi84L5BNwexLdJmZTmw,1,5,0,7,22,0,1
pdIAq0NNNuPM4BA5mMXQPw,1,1,0,2,34,0,1
e-4krPmGGQCSTADl6e6GpA,16,3.06,0,10,31,0,1
cTdrn4-wqKiA6diMbgp2ew,1,5,0,2,226,0,1
Hk8P5Obmi4raim9df-F-yQ,103,2.64,5,9,18,0,1
KDWUFI4WMoqVfwTLlYTsVA,3,5,0,7,18,0,1
YxWRYDKwX4Funhd3z_tj-g,6,4.83,0,6,77,0,1
xEMj1AO3Elh4E1NnZZfbcA,2,4.5,0,8,45,0,1
lpLt71uPKBzwxzskKYJCsA,7,3.86,0,7,41,0,1
wNcwS9VyYX7IPkQPGFVobg,71,4.27,1,6,43,0,1
Wt8Naat13FOHfl0yuJtM8g,66,4,3,2,14,2,1
xgqjk-J3yRP0zcNmijpszw,3,3.67,0,7,27,0,1
U9NJUnxevC9dl4d5pfbsNQ,1,4,0,2,40,0,1
yE4dTCWmBNoCrbbFvn8LQg,24,3.93,2,11,16,0,1
8KayUocIVMfgfEuqP1Q-rw,5,3.5,0,6,17,0,1
SRwptW4erC6wWrIfVLjf9g,1,4,0,4,24,0,1
7iCZx_npuUBrWRnZKV4_ww,7,4.75,0,6,22,0,1
Y3sfm2jsyxa4n_Q1E-1L4Q,8,3.75,1,8,95,0,1
pZHzIAe4U2cW2d5iyxtRzA,12,2.92,0,6,2,0,1
54K-qagWyy2P97LCgRZ5AA,2,1,0,4,20,0,1
Kdz_RA7T1pCh9UexU-Laaw,101,4.61,50,13,181,2,1
MbnMkMnz30hO5zxVQ-7mLw,21,2.67,1,7,12,0,1
3XmDifwx7TzUk82xRAknsw,1,5,0,6,9,0,1
UQRizybq4slehrhwqs33Ng,13,3.69,0,3,2,0,1
LDRGQimdsKOtJTZZGNcXsg,10,2.7,0,4,4,0,1
AfceuZD5M1C0qr6If6Ga4A,7,3.14,0,9,39,0,1
EIRfdkbpfjgVb4jS88TdAA,1,4,0,7,18,0,1
VSGh6h9pPJPApHa1UuGuiA,4,2.2,1,6,22,0,1
u1OpxaEMaXIjl7xKEaz1Ww,16,4.25,2,9,12,0,1
pclbj7-TAYRaIHsIpHTZZw,35,3.63,0,4,24,0,1
C2-QdhqBhFAo1oPIsuNZ2g,19,4.32,0,5,37,0,1
qm_qIKWiwIAd3AvEru1mHg,4,1,0,3,6,0,1
uA8_8CE7gULIfJaq4ojzDg,1,1,0,3,13,0,1
sDaHTk8j1ATaiDaSwqc05A,22,4.52,1,7,6,0,1
emvPvdMlIwOwL_wRBb8Gfw,131,3.23,2,11,22,0,1
dlfHwrLCzleDjqg3ETFhDQ,3,4.67,0,5,4,0,1
GgTyGbTFaI1n7lfcGKKlqw,1,5,0,6,12,0,1
jLTC4D4IrL5HPh3Vv7Y92w,69,3.46,7,7,65,0,1
qNUt9AVabm826WIv_XzQ8g,4,5,0,8,41,0,1
re-vPJ23XF3KuR1V1luUGw,4,4.4,0,4,62,0,1
94deZ0iFCQeE2FuGvOt9rA,3,4.67,0,9,12,0,1
pQAUyBorkc1ZOxmV-uJ02w,49,4.61,1,8,10,0,1
#NAME?,22,3.87,0,7,55,0,1
i1TxAWFFAqKEbFShBY4Wxw,1,5,0,7,73,0,1
MOv82J4CVo8tUdJWWsKivA,32,3.3,2,6,22,0,1
gIDXC3PnnilTwpyXujQ5aw,67,3.56,6,11,26,0,1
NuSD65RsTRzbRubKFoCI4A,9,3.5,0,6,42,0,1
WLJYIZYk8VsPzgAG9tM4lg,7,2.86,0,2,207,0,1
2-CnGnCwlA8Z200tXGw_IA,7,4.29,0,5,13,0,1
pO4rqbmYRy10hTZ7VW3PGA,9,4.1,0,2,26,0,1
8Vt9aTUA4Aw2QMCmO4SGSw,1,5,0,1,5,0,1
gtn1mKOTBV_CBBvvHz-ENQ,4,4.25,0,5,18,0,1
7znG9vnx1wyK_0mfnSMaKg,4,2,0,4,7,0,1
HKGwM4Rqo2Opa2jRBxrqUw,3,2.67,0,5,3,0,1
tgyong5p7Ip2arJiERkGRw,9,4.89,0,6,17,0,2
9IoRl3KjJhJaVEBEARl1Ew,32,4.21,4,9,123,0,2
jEjMfYBBFnhcuT1WU4Y-2A,49,3.62,3,8,21,0,2
DmAIPk5H8gCHdKBP5RuefQ,11,3,0,2,160,0,2
00DfZ839YJYaDlvaZihawQ,4,1.25,1,7,21,0,2
0k1drdjSpeO9VEyArR8-mA,15,3.73,0,6,3,0,2
n7Uc0m8td05aZUeNJC3PVA,24,4.24,0,6,27,0,2
wOWT8bL1qKKp9pm71F8_-w,87,3.88,6,7,51,2,2
ejG8Z4wI_VEqpv5Qe3inYQ,3,5,0,7,1,0,2
p139PGVTnfx-uN-9fNqcNA,18,4.5,1,5,35,0,2
gpPTPGqF3RvZ4OQ-cEQYXA,1,3,0,9,33,0,2
5wiS2hMeMkDPnpAzYqtJHg,2,3,0,6,16,0,2
idUvIFRDMgMwsppJOSgenA,2,5,0,3,189,0,2
3HIwJHvr-MIpSy3OJwfQgA,63,2.78,2,8,139,0,2
4rdUFVi753TtKnjcz2vr1Q,86,3.66,2,10,44,4,2
tG5NPDbZiwbqWk66SyQO9w,14,3.31,0,11,42,0,2
#NAME?,75,2.91,4,6,22,0,2
_CJTbCvRWPzFGhQHldv7pg,31,3.4,2,6,78,0,2
BZSSrqv2qGGC2y3LtTbGag,3,3.67,0,3,42,0,2
KLRhVAgqKI1TGN-_vrW3rA,1,5,0,5,14,0,2
1aawkBCZE3jhzgoyjzl31g,14,4.14,1,5,21,0,2
9zuYkm3k4_9KjE1PC8EPfg,23,4.04,3,5,193,0,2
c1kqYsH1kg1a57HZIkUDYg,12,3,0,6,67,0,2
z82b6JZqZVO0sVJFEhunIw,53,2.32,10,11,44,0,2
A2FfTHwM8B_7AUWFpJnsEQ,15,2.22,0,10,1,0,2
4P2Q6pmc5QmniUvzj-_EIg,7,2.5,1,10,3,0,2
SGvRya7SfvfFgKnBH5k_zg,31,4.36,0,8,14,0,2
eng9R_wfBt4MXRc81qMaMg,1,5,0,2,19,0,2
asmKuqwO_bA_UfEDpPhQ9g,14,4.71,1,5,55,0,2
rThA9_5bHL2mmutbm-1YMA,5,4.33,2,8,17,0,2
YHHx3IHwrEXp-id2_haLGQ,188,3.58,3,10,42,4,2
aSYLdesoxAbvoMkTp_ppAw,1,1,1,8,47,0,2
LoPQQyZA08b6gLN6A_pUew,12,3.58,0,4,8,0,2
inZZVash-UP1tskChqCAPA,6,4.33,0,7,34,0,2
uA1f_K0rkswIwwRTukvxRw,17,4.24,0,6,48,0,2
ke7MuWKwEf2axU7HWk7yZg,3,4.67,0,7,16,0,2
bICiYRIl8j8mfT21AC-S1A,6,3.83,0,6,27,0,2
EQ9Ey4ADWm-RlRGijVtIVQ,2,4.33,0,8,33,0,2
MkRwNgv4TqTBgtOkJYXE_Q,55,3.36,1,4,69,0,2
_nR-jdSLJBngF30XBzjCTg,12,2,1,8,127,0,2
gdG9D7U-doMqat1HkNTlgg,3,3.33,0,5,24,0,2
nwAPTKUIa4P-AmySl3Woow,2,5,0,5,14,0,2
UU7gdCOvHQCGGEICYRtAMQ,9,4.44,0,6,17,0,2
KOv1fgh33thUmvPfmC0DUQ,76,3.99,1,9,11,0,2
TQrOpWJtQN8iec__AXUDPw,1,4,0,7,15,0,2
IJ7hVrUp3hSOnBYsaQR7rA,4,3.25,0,8,20,0,2
eIwCHjMDuuOJ3_utLLDQ5Q,87,3.84,2,9,18,2,2
nFS8quO1Xiu8i_m7ptLmHA,12,4.46,0,6,15,0,2
5YfBhLp7m6a4qAgP4My_pQ,50,3.96,2,6,98,0,2
RTo1w25fKUVTucduVIq2VA,20,3.65,1,9,11,0,2
50WPwdngBt7Pe4xyJ74xlw,2,4,0,7,35,0,2
iLLnqK_DujU0WTyQebutkQ,1,5,0,8,8,0,2
ApyQbKnSbYcErYxYH8iEuA,40,4.04,0,8,21,0,2
NjYCSQAb54__rXsj1PvoEg,88,3.71,3,7,144,5,2
5WuLl5U8q0cqlMbchdc9Pg,17,4,1,8,122,0,2
FCi0swFmEcQboqaIVV8-yg,1,5,0,9,17,0,2
XMwr0hQSp9Jkfrs3M33SVQ,15,2.65,0,7,35,0,2
MOIMe60yXqzwEEN-OyUupg,12,3.85,0,6,8,0,2
eP-mNBmE-BcwoXy35wew7A,5,5,0,5,5,0,2
Uegm2JvjzW5F_jTSG6Er4Q,1,5,0,7,17,0,2
Tj58A0_D-WsD-UirmpYSEQ,429,4.07,24,9,131,3,2
KjyV_bLTrV_Ttxw2DmRbZg,24,3.73,0,9,38,0,2
E90xjR_LIHM37akZfApahQ,19,3.79,0,6,13,0,2
k6bduH9StZzcQr6WC4S_Xg,9,3.78,0,5,16,0,2
9i0cG1TXYud8UScMIx1Fbw,1,1,0,6,15,0,2
bMmu_spfJuTJCg_CCrweAw,7,3.86,0,8,12,0,2
0EKNh8VTcUNi-ROCMFt0Xw,16,4.69,0,8,92,0,2
gRd3Qb8YvVxwJDrMa5CHbg,1,2,0,8,16,0,2
pxCnzCk-YVjec1hptrC_Xg,4,4,0,6,48,0,2
rwcFR_azidXADaKxAgivpA,6,3.5,1,6,13,0,2
N_ozRXZhQXKgsrVRSPBUpA,3,3.67,0,6,42,0,2
06L7NJYeQMmkWwcb_yho1g,37,3.9,4,6,47,0,2
XBhRGrMt-Ipy9fBK56b8Hw,18,4.06,4,6,71,0,2
xdjhKDIy9AMCqxebBv69nw,89,4.1,6,8,270,0,2
52b2HfLFy50grtWNGLF4Hw,14,3.43,0,9,15,0,2
VOz2SwAlAuWMyPFxRNV0KQ,16,3.88,1,7,52,0,2
fyFWG90g0BKPruGf19OiWg,1,5,0,2,96,0,2
gMvAPbKAq6J0aJac6itO4w,7,4,1,8,10,0,2
E4trX8PhNZxJ2KF5LMVMYA,4,3.75,0,3,3,0,2
eHgUeRXeMS0mUhXqkzmZsg,7,3,1,5,107,0,2
1DKYCvYf_ec7msT-lL6fOA,9,3,3,7,86,0,2
QK1B8Tw8VQKAK4pNQo3Qzw,21,3.38,0,5,8,0,2
VD3DgonBOaQh0aLNz-DimQ,2,5,0,4,23,0,2
yfT5W2wa5ohLIq1NwoZ0ew,137,3.61,1,6,41,0,2
jD3qxoPnVVFV-5eqZrd9YA,22,3.4,0,6,9,0,2
iB3iW2re2A4LQEFcpXExFw,146,3.53,1,8,12,0,2
ZIo7WPGEoc7cJFr-oaU0yA,21,3.71,1,7,7,0,2
_Y9v0YUVgld8aXGPAjUoKw,1,5,0,4,1,0,2
LVgS8VdZiKpET4cAdSs0sw,84,3.79,3,9,76,0,2
jdp8GdEeIkLT570RLwKSVQ,156,3.8,9,10,33,4,2
IgJSJKZoNj6msezECEai-g,27,4.11,1,7,19,0,2
442pNyWDM8QqcZ1XReRncQ,18,3.83,11,7,42,0,2
87ePY5R-oLShv0nd1azbRw,49,4.08,1,10,11,0,2
qKvfS1bldxXuH0qZ-iW_Yw,4,3.17,0,5,309,0,2
8-WzAvELs9RI1fGLk0KsAw,17,4.47,0,5,26,0,2
PbuFcINcXT9OwE6u57sn4A,49,3.98,3,7,15,4,2
UltlFq8NkHvQjKfTa8WQMg,3,4.33,0,7,25,0,2
KziOl2bDxyKgmUYloeUqhQ,1,5,2,5,87,0,2
trsoYeBETAVDvye4bTSIIA,10,4.7,0,4,2,0,2
H17fPaaAky5ie72tU6uvOw,16,3.81,1,8,3,0,2
kKaDK_mlMZqoH3u7QorT2A,2,3,0,5,41,0,2
scPAxI9yQ_CPRC8N_5oGxg,12,3.25,0,6,145,0,2
wt7cwSDxii0_th9PiBwKhA,16,4,0,4,27,0,2
s4qwSDPBrgTNuMKhRADjXQ,1,1,1,4,7,0,2
CphQoaqPJ03piXQu49VxmQ,4,1.8,0,3,66,0,2
90eC96TpPJGJOZst8ftK2w,1,5,0,2,107,0,2
RJJWxbWSWCw2Hyl3pOOWRA,3,5,1,6,15,0,2
6Rc0nOBzDKg74mrknfW_hw,6,3.83,0,5,43,0,2
cy6GT5FVd4cIzWCNehqpGg,1,5,0,6,15,0,2
e1plbJK_milDnH4mjG2xVA,9,4.44,0,6,14,0,2
uPTnymsrHVVySztnaFOeGQ,4,4.75,1,7,40,0,2
QKLM3DJtPO_Dq3_gCKN03A,23,3.96,0,7,27,0,2
ttZdKXV8MOvB0YgvYat_Iw,4,3.25,0,4,14,0,2
GdsjaqQQW9ts7uNfr7w5qQ,19,3.45,1,5,40,0,2
2KIDfJSLSMpVRVLFC3B4Bg,4,2.75,1,5,11,0,2
9d92wWGlnvwVuf1vUZsFnA,9,4.89,0,4,48,0,2
BwKZRp7eQH-idZiUuAHfkA,2,3,0,7,25,0,2
BphqGSimmiveMskm85AjqQ,9,4.22,1,6,11,0,2
uuLlsaBJ4fs1DTfaAM2q8g,2,2.33,0,8,5,0,2
CL9B6YaBVAezHjHgyCZtOw,5,4.8,0,5,28,0,2
l5TjfKjNeVv6HNd-3IMrKA,13,3.33,0,9,49,0,2
b5RD9Hx6Dkgx60-P9japAw,4,3.25,0,4,20,0,2
Ycwl2wP9N-rPsBKT2bTynw,8,4.63,0,3,21,0,2
5pmytNoMVvC2mHBjK5ZO1A,1,5,0,7,16,0,2
BtZCabaaBQpFMutA6_KC_Q,5,2.6,0,5,3,0,2
0sX-CtiWGD7-XEiC6QjRcg,7,4.43,0,8,3,0,2
O7FpiZgTx4sP4m24O6X7zQ,1,5,0,3,24,0,2
Z9PH0Au0vb7hSdI84iFmLw,2,3,2,10,97,0,2
8YL0g7gpmyKfnqFfOXfyLg,35,3.79,1,7,25,0,2
vflCH4ykXVZNwskZ30Kqvg,3,5,0,5,6,0,2
cdFB_a_ZXF7qGVKP2mYikA,1,1,0,7,17,0,2
vvi2lvz4H78YWgepUJ0bWg,9,4.4,0,5,7,0,2
pp9O7Sn4yBN269Zh_tbHCA,2,5,0,8,32,0,2
_buqnmBKMbV0lq8KZaM6Jw,131,4.24,13,10,64,3,2
83657rIHBDXfbyqqWu96Ow,22,4.7,2,8,194,0,2
McElXPBJUfAHBvhxM2U5mw,5,3.8,0,6,8,0,2
h2tup41DdeJ0X5dcdLpo4Q,5,4.2,0,7,34,0,2
b2L-QVMrmkQDFnRRq23vGA,16,3.71,4,8,23,0,2
RqIX8lTurT_sGrhDjuLmsg,2,3,0,4,4,0,2
KpOTh8GJ5rvxAWqUEiOXbg,1,5,0,4,11,0,2
IIt2jan-crhYxB42EomuAA,3,3,0,5,11,0,2
OCQQc7_JkU3q3lBeauP72A,3,2.33,0,4,3,0,2
TX8nFC7rCytYR2wUEmcdRg,1,1,0,2,11,0,2
ScMAOx6xiZ6QYsScyeCIcA,2,5,0,6,208,0,2
hVd5FL6ijyQzCoOKNWuV-w,2,4.5,0,8,8,0,2
V9NaEnQmMzpSER9CtcczLA,124,4.26,2,9,65,0,2
cOuyP3v49aK7ECEQIulFvQ,1,5,0,3,82,0,2
vFV3zEK5oQfXllTMW-ThwQ,1,3,0,3,52,0,2
ITnPSIKR7BhOXnCox93HQQ,9,3.78,0,7,42,0,2
p5A7Jzz98uHEG93Ipe_qCg,13,3.94,1,9,43,0,2
c5wkTSVa3HbVAfWb5xiveg,1,5,1,3,20,0,2
el1pgz_nUkZGIJwxQnEGhg,1,5,0,4,3,0,2
RVDMk1qrI63IVt6bwLT5-g,4,5,0,3,12,0,2
o865-7pvsMdSEowBbdp-bw,33,4.15,2,6,128,0,2
JQ9mSpF1UY3VuW3wekuJUA,12,4.23,1,11,33,0,2
lMPSwfFtsZiNRTiF4wEc-w,25,3.76,0,6,11,0,2
CIK_olwCypZIBm4J_gwDJQ,4,4.6,0,8,28,0,2
EJ9WW_U4xb9Hhnj5PTaCcg,2,2,0,5,13,0,2
BaKxayozh4JcAzgaqAndhQ,41,3.67,2,7,190,0,2
W7D7yOambuBlEBIQbLoW4w,4,5,0,3,74,0,2
4WBfoTMdhsSIoi8Za0FbBg,54,4.1,7,8,99,0,2
jWVud8zeSGeI2sdrHsAI-A,27,3.56,3,9,16,0,2
O8BAUf6UoKCDF41I-Ufmbw,6,4.29,0,1,29,0,2
PG3d3rRPk5dnueMbGL9X4A,31,3.94,0,8,16,0,2
qfNHhF1QbcxTf-k5RZXn3Q,4,5,1,7,33,0,2
CtcnhdAY9tG70Fbw2IgoSg,19,4.11,1,9,9,0,2
I3vXEkSNHEegKanBllsQ4g,3,3.67,0,8,10,0,2
o8ndVTUtu-pTyVCjRxLxFA,149,4.18,4,7,55,2,2
h_1BLttIRNQVpwP8Vm6kKA,1,5,0,4,15,0,2
YNn_VHMOzUo0aWel3Zq6qw,4,4.5,0,5,27,0,2
T6mbTY0flVcszkidKZkI1g,3,5,0,8,38,0,2
SOnGTQRPumw2XlDyYbNaaA,19,4.11,0,3,27,0,2
_BTs_kXgBxNRjRR32uBE8Q,9,3.3,1,6,44,0,2
R2UDgsb8MD8XtiWYLp8ljQ,33,3.71,1,7,14,0,2
X-G4CRDkzKKATJSsdv8-Ug,2,5,0,6,17,0,2
BJDFtAMqLJNVw5V1UkrVzQ,53,4.38,4,8,171,0,2
Z2CeWxJYBDckyEM87ZHGbg,17,4.18,0,6,21,0,2
MoYn5zBvPdABkMCIED3oOg,1,5,0,3,1,0,2
oDzTdlfMV6gSGMmWQQJuaA,10,5,0,8,15,0,2
vv6DPQ0OHS1UO_iU_lDSTQ,4,4.25,0,8,41,0,2
dSgKYJ8g-Sg94s_Ggnw_hw,5,4.8,1,7,21,0,2
H7QJPbQxzSoJnUkFDmvKkA,9,2.6,0,8,11,0,2
9js-Io8goAJrg4YyXWmskg,25,4.2,2,4,20,0,2
1GQbCs0lnCLr7WdYhb3cjw,68,4.23,0,10,15,0,2
#NAME?,13,2.62,0,6,19,0,2
28Sg6pPgmNB5yr76Eq4WXA,1,5,0,4,40,0,2
mABRyNqbCj06L9H8A9nKuw,80,3.88,10,11,100,0,2
1Qmb5ubFUOmlVUf_RbdsRQ,183,4.26,6,12,15,0,2
sCT3eINpCiC3CWEEbeCzEw,6,3.67,0,7,5,0,2
#NAME?,1,1,0,8,15,0,2
N3LTqi5R6HZLrMj2jxoPWg,43,3.74,1,6,9,0,2
U4tIHR2DxLqPGg6d3N9PNQ,9,3.78,0,4,17,0,2
7aCpXyulwXXFtziW6RQReQ,10,3.67,0,8,8,0,2
3FHwyzBuZmfmc7O7y72N0g,68,3.74,2,10,10,0,2
nqS-hrA7J4_qCAs_vbRNIw,18,3.61,0,8,33,0,2
GfdWss3G41DyNrN6Ggx-jA,1,3,0,8,33,0,2
SuDwtD21LL8tHYu1jmJ1Rw,117,3.39,7,11,39,1,2
Qa0_-Z8yINVBfhEnh9lwlQ,5,4.4,0,7,18,0,2
yYLjHCJLcHxKivK5s9OPMg,35,4.31,0,8,118,0,2
npDcpxeezWAX6Pzoljq8kg,6,3.67,0,4,66,0,2
GSaJQbxcTFIbiEn7o-pj7g,6,4.17,0,7,18,0,3
glorPb7cYFdQpgutFqkyYQ,1,1,0,3,1,0,3
3i92mrGyOcREv8YX9v4nIg,16,4.13,0,4,10,0,3
xHXdjxAmZ-qj0JO_zxbACA,3,5,1,7,42,0,3
MySYV-AnSYpOlg9hamUPBQ,2,3,0,7,14,0,3
gOwgxV3ka-KZVNkJ7U9qaw,3,5,0,5,6,0,3
x9i7ovph_pDncXALHCZNKA,21,4.18,3,8,31,0,3
67NtBQD2gSbffAYG0erPdA,11,2.58,0,8,3,0,3
_64q3QQbUg4BknYri7fCPA,101,3.78,3,11,26,0,3
tC97mC7jXhIePS-XjTuqZA,43,3.79,1,4,5,0,3
p7pqMB19LTdlHRweXuI5WA,4,4.75,0,3,100,0,3
bc4P8PGXPaewMfQsVJTThg,8,3.8,0,11,4,0,3
Gl-xpaE0J8csExZtkWB5Yg,2,3.5,0,7,3,0,3
Uz8avTsvY5_zeZiHujog4g,31,4.6,2,11,4,0,3
Mc9CXAbu_g4CkxCyO_cG7Q,3,1,0,1,9,0,3
KOYj_wdKkmnsh5O34Fmyuw,34,3.88,0,8,12,0,3
JOAG_AhcY7feQMLseFC_Wg,1,2,1,6,154,0,3
lzOR3SvGceqMgaY9iXDYcQ,2,3.5,0,9,23,0,3
aIK-CUt43y3iUQ7MbPcT1g,10,2.18,0,6,8,0,3
gOYj3USrRljCorFe3_Nr4Q,35,4.34,2,3,98,0,3
WxYgXSjerKn90OwXTbWmkQ,2,4.5,0,7,79,0,3
SS7VD2IBgnubE--KG63gQg,2,5,0,4,1,0,3
jH8q7koU4d_NunRlSh7KNg,2,5,0,8,20,0,3
jqZH60KKBeaDXDyujASMXA,3,4.33,0,6,10,0,3
qr9Hs2M3xDZGyw4HTIR1Hw,5,4.83,0,5,37,0,3
QOi_0VFmRdNNupdmfvUemQ,6,3.83,0,7,14,0,3
AgSkG4LKJnEZHrf3-IGGLw,6,3.5,1,5,3,0,3
1qoPxoAJVqjuRrCLpD2KkQ,14,3.57,0,6,27,0,3
dUQwcE9sp1lf5FoV6lXMSg,2,1.5,1,9,28,0,3
zYkrS3TOgYs-JAafP0ensg,21,3.23,1,6,22,0,3
2iaQuR_WAD3JeIIGpjNmBQ,3,4.67,0,3,3,0,3
gzNyTXij1iO-sWHZ9zrDgw,2,5,0,8,21,0,3
MYW_igIXj1ymkXKwQoc9MQ,4,3.75,2,3,155,0,3
Q42YidAAzqjIefeDKaV3pQ,40,3.17,2,3,29,0,3
09pO8wHCpw_TNMA7AiLkbA,5,4.6,2,6,14,0,3
ru26HBJuXgfDFBVwMUiAQA,4,4.75,0,6,8,0,3
ZQb0JaA18IdrxXAJkLgGBg,6,4.43,0,8,6,0,3
tiII4iYPWQJW2PK9QnlJDg,2,1,0,3,5,0,3
3I-gaE0r2cjXWDSUiZnZ6w,196,4,21,11,99,1,3
oo4nJtNvQ3iXmMNuAjw6aA,3,4.33,0,3,8,0,3
Mk9ekByCVSifYjfPty8kIw,37,2.92,4,8,7,0,3
yGx6UGXBZBfZV6AAEmydEw,10,4.7,0,4,2,0,3
q6ncHI8huLjLIDvZcdjzcA,97,3.85,4,8,33,0,3
t6HHIkyamQlUCoOjxRnulQ,5,3,1,5,7,0,3
4dkmQ7ZeB91WBUfH_IyeSg,12,5,1,6,28,0,3
00wFA6PMZu6WWREecvJI1g,3,5,0,6,91,0,3
xXueenJFi0Oje9tKEmHLLg,7,3.86,0,6,48,0,3
#NAME?,27,3.81,0,4,45,0,3
ykxT1dzJzbhwnofYOUZ6Lw,31,4.24,0,9,17,2,3
rqxi8-3fuvVPA0LjTFftPw,4,3,0,4,1,0,3
LXDm8rFwKBz8b6hCfFqIMg,12,3.17,0,3,1,0,3
Gal_V3g5M9BAg0jyu5CG3w,1,5,0,7,2,0,3
qhqaxuxtSwKD30GcQ8JzPw,1,5,0,6,8,0,3
v3gc4Dv8UpB-8bzgs0fzmA,14,2.63,3,5,73,0,3
FZoyE3GDhe3AvgaDq0Yrog,7,4.29,0,5,17,0,3
tMfAARDaK2g0NHe8QWBibQ,17,3.53,0,9,8,0,3
jNqwgMBnKTaAYamcHgsqQQ,34,4.1,0,5,5,0,3
h6JSFt9OGwYvW0Owjte38w,56,4.02,5,7,38,0,3
QOA_Rx1vabbyVeBZ7JD9pQ,7,4.5,0,7,9,0,3
Vnt9PVBp8EOnaiFyoP21AA,1,5,0,4,52,0,3
wHPZ-sDF87h5sjxNK8p-CA,129,3.7,9,10,66,0,3
xspVgnhdRkNn8abjm-eknQ,5,3,0,4,13,0,3
GzU0hCoF1mlnfa0HB1gV-w,7,3.88,0,4,6,0,3
XJNY_hMIYM_DWyh-AgJA3A,1,5,0,6,31,0,3
vqMx_lVudOHZZsPVWl898g,10,4.36,1,9,5,0,3
SYVQNYJWkUawFDlJ9tDL7g,8,4.63,6,6,38,0,3
LN3LBEO9dKFVbvMz0EA_lA,8,3.38,1,8,28,0,3
gVHXe3bzwI_ICYzwWQ2MiQ,5,1,0,5,217,0,3
LJy1CDcopwzoZOkYWDPgfA,11,3.55,0,4,24,0,3
pflxDGj9KieuEcTZ99TV-g,6,4.43,1,3,558,0,3
6VvOdmNs3UrzFz3V1ln6fA,5,3.67,0,4,14,0,3
033a7772zKcOz6hQajC8_A,10,3,3,8,74,0,3
MciByMQG2OTXMb8B5TkVeQ,2,4,0,2,20,0,3
GJFnizUjihxZUPiBc5_Nzw,8,3.75,0,7,18,0,3
M29ftFof-e3OnhqDk3fzrg,1,4,0,6,32,0,3
kWBziabzxVXkv1LfTiLUbg,12,3.42,0,10,19,0,3
u_7Ze0kylZPHwXKY4MjfKA,3,5,0,2,51,0,3
PlSGORxLM-mhzf7M4plqLg,11,4,0,7,7,0,3
0uyz-vTKP3vnYYEuQeqOnQ,3,4,1,6,27,0,3
NgJwDl5FpU8RhvLZgkCE3A,7,4.14,0,4,17,0,3
Z5tRfEJyk1cXfLMErY-q6Q,227,3.73,19,10,43,3,3
bJBAQQUHJF4d7o6SBBeN8w,61,4.44,1,6,4,0,3
UFvlNB4NmjM01v6FX162Cg,12,4.08,0,6,6,0,3
135w4gGonBo3D5e_6DPJyw,9,4.11,1,7,25,0,3
1q6ztewvSKcVWTkmmn93cA,2,5,0,2,2,0,3
A9-UDSn95pH9MVq19fBRAg,1,5,0,9,24,0,3
4tax0Og3AS_XnqJe4yjBRg,4,4.75,0,6,4,0,3
ZXw7A5RRoc64xcGVKKfXow,12,5,0,5,12,0,3
BswQGd6FhuqxDyTkVI_mtw,9,3.9,0,8,7,0,3
u4SGyJ-pIs_0GdEIo7ILug,1,5,0,5,13,0,3
DnEalmbudmVLDKOhVaB7gQ,2,5,1,7,61,0,3
m3R35cEy392g5DLW4YPFig,1,2,1,8,11,0,3
UV0LaOwfnMUXvr-NXodcuA,2,1.5,0,6,14,0,3
NJ1zFH1DBnFwuLeTDn4j_Q,31,3.34,1,10,9,0,3
MSP8Ej3br9191YZUK-Zd8A,5,2.4,0,4,1,0,3
FNyEz_Tx1EBFqIn0s-7kVw,42,3.43,2,4,6,1,3
UItKo48Br4TgEyaAmZTdhA,21,3.82,0,4,17,0,3
vrB2Ae6-fX0ZRBx7HBIskQ,18,3.58,1,5,7,0,3
pb_Z1JsOgE5YBpTAIi_xIQ,9,3.25,2,4,17,0,3
Er1QVHrAJe4Jt8AwauN_xw,1,5,0,9,88,0,3
BWj-gCrZ252JgiC4540bGA,3,3.5,0,7,281,0,3
jgXnGIi5djaSYUXHBQPzwg,1,5,0,2,51,0,3
tgzA-Ry1QN8Kwnc48FGLCg,3,2.67,0,2,25,0,3
G-ae_JpoCQ0Lt79Xsw-ELA,5,2.83,1,8,63,0,3
eAlO8j-xmRe9hjm3jr7rzQ,116,3.82,5,10,145,0,3
8BlLgBWsne84ZT_KZFS-xA,2,5,0,5,3,0,3
4rwyBw1cK2AsDfcJGkCiRQ,87,4.1,8,8,71,3,3
MkTo0vfnLa0Xp4XH3JAmxg,14,3.73,0,3,30,0,3
NTuY-w2TAR-LGqwMXznAOg,9,4.11,0,6,28,0,3
-1sG97FFbwCOH9CmAmTZdw,29,3.66,1,6,48,0,3
I7zPC0Yiy82_ZvbsSzQYSA,4,5,0,4,85,0,3
JaZd_rDXmVfnYNJqlV3SLg,13,3.71,0,9,11,0,3
F2cHVyf_4PRv-HP8NoSRyg,9,4,1,9,21,0,3
FHTQxGS-F9bv7KRV8oNAIw,1,5,0,4,34,0,3
9OXcULZWs9d-XTfwjFa8aQ,6,5,0,5,27,0,3
2eBq5IfanHCH8pJ-0cwQeg,70,3.92,2,6,18,2,3
cx-kUXWTf90AHoPcv25__Q,72,3.95,6,12,53,0,3
w286bbN-5Yjq7ZGQHCljBw,5,3.4,0,4,41,0,3
z7aXe9qhok2aKvmxL7RrMw,2,4,1,5,31,0,3
n_TY6rd1wXZBczBaOaK6Rw,70,4.73,6,10,29,0,3
XV-PY_an--b-vS4AUOQhZQ,37,3.53,1,8,96,0,3
_0dKUPj5KocoP5Ukh6qffg,22,4.72,0,4,46,0,3
J_gvTxm5RJFQqwiZU6qDKw,10,4.67,0,9,1,0,3
LUsNCIM2zqLv-D1eRk2QoA,29,3.79,1,7,43,0,3
q46YaTetQVrjKzQz_mJjWA,17,4.22,0,6,14,0,3
rExTECeB9YwIw8t0FzYvXg,1,1,0,6,24,0,3
gUijwI7JDejToxMigtDYRg,15,3,0,5,35,0,3
Glp4WZu9f70W1FumtXQYoA,11,3.88,1,9,73,0,3
iqCpIfO6XO4u8_fxf0JHbA,1,5,1,6,14,0,3
FPmxLtMPlYDyeIa2f3N4qg,49,4.02,3,8,65,0,3
FwpdYIL6Y-DjSnkL3cgt2A,21,4,0,6,12,0,3
Mu69hxrkc6QAN9gZ-Lf2-Q,7,4.14,0,3,20,0,3
06LN-5OLtszyK0uU2yawGA,11,4.25,0,8,14,0,3
eabDA2X7IN-Pc8bbdCjEvw,6,4.17,0,4,21,0,3
xa0L2F-y8xI3Pt7LYZ0UPA,1,5,1,5,47,0,3
RSwky0FQ4ndtMTXfp0fiwg,3,5,0,4,3,0,3
IHuEyWLRrP87f09Ah3m6Eg,1,5,1,6,35,0,3
RVJEM5wqx9_LYM30LEZhkw,48,3.55,1,7,10,0,3
bPEtBz-wN_TefchPq4arFA,4,3.75,0,4,8,0,3
clgyhPGkcz9fPHfSbA-lJA,123,3.94,18,10,59,2,3
TCrJp-SwGx5KxMHDhmlbZw,10,4.6,0,8,2,0,3
pjQOoZaOaG2Ofwwnds2ATg,9,4.2,0,7,14,0,3
B-tqb6F3_7Y1ZXty63qnTw,1,5,0,2,31,0,3
DpjDjzb150Q3Ak6jOSKCVA,9,4,0,8,11,0,3
lFdnGBlzIWxdb9r__Sbi2Q,5,3.83,1,6,1,0,3
Nh10z1rWRCmUm2O0cvoHuQ,4,3.25,0,7,9,0,3
BIsssZnDRSOFRwJi4vWVYQ,2,2.5,1,6,31,0,3
Ei7wtkrbeIL_3ZH_-YXZ0Q,27,3.79,5,9,54,0,3
OvY1IpNN0erKMtOOB7hp0g,18,4.6,0,4,10,0,3
DKnEArfQAly3T1kdpwj-bA,3,1.33,1,6,1,0,3
5nzn484BLQxUi-w0XQzVbg,7,4.86,0,5,17,0,3
Ymtd09ZbjHU2o06GL2fKGg,6,5,0,5,17,0,3
UwdoumbX2bCuzbfL4AyWHg,481,3.82,38,11,178,6,3
-2e5_Rlby0zx5OfG7B7zsg,4,5,0,4,12,0,3
wXmjlTyVR4_WfOurIG7pcA,1,5,0,3,5,0,3
qAHKa-PJOwSVwKsv8LF34g,25,3.92,1,9,22,0,3
6oIWAic5diaPXAyTRfM0Jg,17,3,0,8,12,0,3
6WQLpez-ItS5DygqcXb30w,6,5,0,7,6,0,3
K-unxbB2ZGDrcDiBRqQT8Q,1,4,0,7,38,0,3
ECw6zI0VtFlzyXI9C2rUxA,1,4,0,7,28,0,3
Wdybrdb_UMops9auZJjlzA,13,3.23,1,3,3,0,3
tZIydmjF2byTtG2_qp4Jiw,3,5,0,6,13,0,3
slQ9mXpJQpzlgzv6R02-OQ,1,1,0,4,22,0,3
ZZWPljReGJW41vPrJl3EXQ,5,2.2,1,7,30,0,3
1GbSnzGHrB1iQdPRhKc9Cg,18,3.81,2,10,74,0,3
nM7y3LZKg4AEZhwTVgUvEw,3,4,0,5,21,0,3
LYsIoGiOz8dRjIjGXx34BA,12,2.93,0,7,4,0,3
qtWOrPP-qBcg6eoGQHmHzA,16,4.17,1,7,31,0,3
zs83tUPeKGJWi30YFn4n6Q,1,1,0,4,3,0,3
3xOtpzabqv12Eq8nRfbzfA,9,5,1,5,161,0,3
k0fRafdDJmjepwLKw0UZHg,19,4.26,1,10,41,0,3
_hyA918N8urzBDqm9z8R-w,1,5,0,4,29,0,3
bcZK7WZxykeRBJQxcTFBvQ,16,3.88,1,7,169,0,3
D3z14UGNY62U9C5hw50p_Q,8,2.56,0,8,34,0,3
RPMbq_yJ0V81cQUuzdtyCw,2,5,0,8,11,0,3
WaIcO6KYk6ZFfAffzkq4jA,2,4.5,0,6,8,0,3
OgFgcJWLLqOoJWUU_qhCqg,1,1,0,2,66,0,3
mBDxIUJnROakYggLXoWYjw,1,5,0,8,25,0,3
pqdQ4hu55ekNsH_JZtMLzA,54,3.45,1,6,31,0,3
KoKkPT3NFo28w9YYkHY4wA,16,4.63,1,7,50,0,3
g1sbKams0g_ChLqTU0xasQ,1,1,0,8,12,0,3
YymNBDsHqTBzrV9GidH4rw,2,2.5,0,7,23,0,3
C8lqJkDlRZuRsuQOAyCadg,4,4,0,6,2,0,3
LPglorePLX1HxB-3-A0iBg,11,3.91,1,8,18,0,3
8GImNNmXLfrlwPgFaWlAfw,1,1,0,2,4,0,3
b_P7vMo-WK887wtAYpaU5A,28,2.9,3,10,17,0,3
gNv2zNW3xgMrelw2J4hcoA,2,4,0,6,3,0,3
dJQV-VZPm89OlY4FE2bIbg,9,3.44,1,7,10,0,3
D6TeOro7ypsWUU4YEeOujA,32,3.58,0,7,8,0,3
KvtUZrtGunkSOvSEnR-wiA,2,5,0,4,16,0,3
QM53OzzG1XtWldaU7kJfXQ,46,3.78,1,6,1,0,3
SvsoiaCf0WG7UIDJOxJ7Yg,12,4.31,1,7,65,0,3
d_gR1CqUBBGMZ0IHro9ntA,11,4,0,9,5,0,3
l88TsUS7T7QWqzGVe5q17A,2,2.5,0,4,8,0,3
MccoiOtHRt77_nnChHu27Q,9,4.5,1,4,22,0,3
24_k20U4Q4SCoCy-ZTj5Rw,51,4.02,3,5,21,0,3
b0iR781Y5A8HjuFaA9SzoA,2,5,0,3,12,0,3
RcFH9pY4sPd9hyY7WvyYMg,1,1,1,7,53,0,3
aDPDPIFAkH0shPTosewT9w,49,4,4,6,54,0,3
Jloetlx-1999KDweGKc6yQ,156,4.05,6,5,41,2,3
JdQHM1wAQfDcoORmipkTtw,43,3.48,1,8,35,0,4
LzfYk_0Sxp2LaugplsgSvw,1,5,0,6,3,0,4
g4Y5pz_6d4YgpnciQH4_EQ,7,4.43,0,7,99,0,4
EPP5B_C2l1DOr_Ov81U4vQ,10,3.36,0,10,1,0,4
cOlrcI2HyXHD4GCxo1KUOQ,2,3.75,1,8,18,0,4
MIWjf6t55Vo3LWe8b-scbQ,2,4.5,0,7,6,0,4
RW5uOqtGtmBZEwlifVSNGw,78,3.48,4,9,16,0,4
ZFCmWOErBE4Xo6ZMPvoM2w,5,4.4,0,6,2,0,4
pZ87R8hQKI4N3q4CTXi-Fw,1,1,0,2,74,0,4
3LtPhyAEV0tYiF1PhxrOKw,7,3.75,3,9,2,0,4
NKlmurpzFpHXYvYtjSjxUg,6,4.33,1,8,56,0,4
jdf15x7YE69Dd2a3o0hAag,13,4.46,0,7,1,0,4
T-EYh3PTwLkOgx9XZdEXgg,5,4.33,0,8,30,0,4
gS-MWXPFXirT10NN43-_Ag,1,3,0,3,201,0,4
oe1kk6DVItfx_RJJx7cO6A,72,3.86,2,6,24,0,4
1Pnh_FKfXn3iTpbFR0z3NQ,75,3.82,5,10,67,0,4
2u25ZKhopXoND9mC4uh7Gw,1,2,0,1,46,0,4
387ADFYzKhWPENTC-h8eig,29,3.94,0,8,10,0,4
BfY61h2b8I_LLOTu1L-fTg,5,4.8,0,3,67,0,4
kTY1rovo_ws5HIQ4atu0Ow,3,4.25,0,3,27,0,4
tf4rZKEQv3ycGpsjoyHsrQ,5,4.8,0,6,12,0,4
hldmpPfxnDv-QovRYqQGlg,9,2.85,0,7,6,0,4
aA7ZX15ba3I1DbDQw-aCJA,20,3.8,2,9,95,0,4
ly4XAav9mrawBs0oTXu0Ag,33,4.58,1,10,75,0,4
hVKAtwMWXgQoxkxVyk-iRA,409,3.5,7,9,36,0,4
8DAM05a1o1fITKc3ErnCWQ,4,4,1,9,78,0,4
WjHNdOYx-rWdlFyoVyygdg,4,3.67,0,7,70,0,4
XcOvJ2BlH4NzUYzQcNEwYQ,2,5,0,7,4,0,4
BR-BkMlAbXRkPKYlqTphyQ,4,4.75,0,5,8,0,4
ukfufhngyldEgUBbhcCoYw,1,5,0,2,67,0,4
Ex4eADskojrhN5C7sLKVpw,2,2.5,0,3,18,0,4
JoH7w9C3FMo9iwlSn22y1w,14,3.79,1,7,47,0,4
#NAME?,7,4.11,0,10,3,0,4
Z4qsSf20CHm--wFzUhmCEw,11,3.91,0,3,2,0,4
C_xOS8T1SWKpvM-_-ocRfQ,1,2,0,9,21,0,4
SyFLZSweFwqlLXkQkvEdDw,19,4.05,1,7,13,0,4
kDlRZ04rt2jkBTWZfNFMfg,16,4.14,2,6,162,0,4
ySJfgS43PhgwOo6OZ27DMA,4,5,0,2,15,0,4
dOkTJEHYu1CE9lWJ12x_MQ,4,4,0,3,15,0,4
c8phxglEum6BXza9qI0lSQ,11,2.82,1,5,28,0,4
u_L5ONTDLkg3JUvW8n2y-w,15,3.47,3,8,75,0,4
sCuQwc6RpgP3r0HDUHq4Tw,139,3.99,11,9,192,4,4
9-oQf_mLELii7RlizDjnSA,18,4.18,1,7,31,0,4
svEJeBA4ZAJK8qvph6PJuw,2,3,1,7,15,0,4
4GnkX-exU6_sAnhFixu47A,26,3.81,0,4,36,0,4
ITtlUIvrlpUDDTueuTpRPw,32,3.88,0,7,91,0,4
kmtgkuxXo3dPhCHQ894fnw,1,5,0,3,99,0,4
J2Aii7GdFK7Caxem6pk7rQ,110,3.75,18,5,137,3,4
0dKGyBgU5Ho0-vBBysWUOw,6,4.17,1,4,22,0,4
JhQjVYqyue6DxNer1Y87MA,17,3.76,1,6,42,0,4
UUNaPZlyqrq7jdQVULKHsw,8,3.75,2,3,15,0,4
No-f2DIdgAzgTcgEh-fSOQ,41,4.49,0,8,5,0,4
VkqhMVD9qrv28Q8jbeesCw,9,2.3,0,4,1,0,4
Hmoo5Ig8nVAfHzu6PkjnNw,7,3.71,0,8,7,0,4
6zy9bDwyFIRAc5P39l0IlA,1,5,0,2,25,0,4
1EqKdULlY-fAjkEv4XoXMw,2,5,0,2,113,0,4
TZ5kBDo5iTN7oaMZoviEjQ,6,3.17,0,8,69,0,4
XStPDv-eWQnto44YfrbKBQ,2,1,0,7,13,0,4
Z_A0p8TfU1op5lHiBBWrug,15,3.67,0,8,36,0,4
OfBF_6IvMnCjE9dfAKOBlQ,16,4.11,5,8,69,0,4
IatajXY2GOfwxAQBqBUQQg,71,3.18,0,5,4,0,4
Wzsduf0vEmr-Ih1H0Stvww,25,3.93,0,4,5,1,4
2cjMDLUZZqabv5WB7Do66Q,4,3.25,0,8,3,0,4
dCbQlAgCttPtq5_A8khAtA,4,3.75,0,6,15,0,4
8UAT3iHI4h0XfwjHxf6S2A,34,4.26,2,6,34,0,4
KMF0FJLQDKLmK_I5QH-p7A,6,4.33,0,6,18,0,4
Np9IPjsIw3pUSg5IUHiglA,15,4.94,1,7,362,0,4
U4LSfz15NClymkPVSXhSAA,24,4.38,2,8,32,0,4
5jcTHL_DxnSDhrO8FfW_tA,24,2.59,3,9,8,0,4
cCWfDz7YbAWgo5CmWbyh_Q,1,5,0,6,56,0,4
BsnXgjpa8syxoax1mnPXQQ,12,4,0,2,41,0,4
ObGNfwhFvXIJnFPAUjWeHA,1,5,0,8,12,0,4
K1Tc6gxpUvg7IekgL9UfVQ,71,3.62,3,3,23,2,4
Ju4NeUyr5kho9xCwTiNKhg,8,2.5,2,6,15,0,4
3meqafrdv31ETuyL2szehQ,10,4.2,1,6,27,0,4
32It9NN_lVismU9tcuLB0A,3,3.67,0,6,13,0,4
STh_HDJZVHN4vOOdf7A42w,1,2,0,6,49,0,4
H5iFmubU7ktZkQov2_5R5w,1,5,0,4,15,0,4
Jbe-pvFU7cMqucrwWi-Yqg,6,4.67,0,3,16,0,4
BhocqZEoxI_lxAasvtQuGA,6,4.33,0,8,9,0,4
92UySjdqhcGIiz5t1zmkfg,53,3.53,3,9,50,0,4
G8hAMKKZWV217LtnwOjQ1Q,16,4,1,7,66,0,4
93oys2EnUUO7lm62eukTwg,398,3.95,11,7,65,5,4
GccJoRnKMScace-otaMZOQ,12,4.58,0,10,21,0,4
_5ojXvhUSXPVP4YSwl2ljw,6,3.5,0,5,3,0,4
b0VxgMCZuqZY0R_CygHpvw,5,5,2,8,40,0,4
DXrURP4M_Uhmb3EqyYZFHA,18,4.53,2,11,13,0,4
m-STuZGxu4RJ-JFqohU0Rg,5,1.33,0,3,34,0,4
KoBitp7LuKCPcS4JzGsJ7Q,2,5,0,7,4,0,4
uDBhAaDQSDPtR7DxfDTBsQ,14,4.36,3,7,10,0,4
5vIRzj1P0v0aU46Go3CqMw,3,5,0,8,13,0,4
AoThjHW1CxiJBIyzeV88zA,14,3.86,1,4,19,0,4
w1ouTOGV5EeKBRmwJmVmHg,66,3.91,1,8,66,1,4
KgigUo3b5Usejbafcw2FVQ,14,4.36,0,7,33,0,4
X5LToG4s6lQK-iwp5bssMQ,78,3.28,1,6,17,0,4
qg11zWWCHPGCDtaMzqLq3w,4,5,0,8,3,0,4
Lhrf559TolggbjRZlr6tsQ,3,5,0,3,272,0,4
RaHgbiC6DSMdghPtwi-C0g,34,3.62,3,8,159,0,4
B0ztBJVcFX0Tz855BOk3OQ,2,3,0,8,23,0,4
dnmXtVFxAKf7XerPpq_FeA,22,3.79,1,8,2,0,4
gX0F2oo6m2rRIZkx7m9kUA,12,3.92,2,10,15,0,4
vDUBND9015-G0J057vQuXw,8,3.89,1,7,30,0,4
7JheG3kUCkZl_SpdMJMgpw,1,5,0,4,35,0,4
WSpFvdeWn6Lu2UX4eKikAw,11,3.82,0,8,29,0,4
Z063CO9bX7AuM8kwtMN-DA,31,3.59,1,4,14,0,4
Z0eln_Kvx-RGQiRN6nQ6zA,2,3,0,6,10,0,4
PTy5ZfBiwBe_hW3PCJkGjA,18,2.61,0,6,27,0,4
SzxNcycjUDz6Itu9YMDzYQ,8,5,0,7,139,0,4
0zZ4bz7efsDYBeHGvfXxkA,5,2.8,0,9,32,0,4
wl3BnGZs0KnOts4M5YLBjw,20,4.1,0,6,27,0,4
T_FI34jrnia-0eAP6V_3zQ,1,5,0,7,151,0,4
nDetxw7a6rKnW7hmXrvifQ,20,3.85,13,6,34,0,4
uB_o-JpEe3EYCGqdZCnVkw,373,3.71,138,10,996,5,4
73B7tU33Cx5cWQJwRZLBZg,17,4.83,2,9,63,0,4
cms9sU07JrjfF5V0t5lNBQ,3,3.67,1,7,26,0,4
unaLLiKFdhPih9JjjUCbAA,50,4,2,8,23,3,4
HXpoEUtBMrpizaLh4zHU6w,10,4.2,0,7,32,0,4
tyLEYUj6A9XkhzyVFVdFeQ,19,3.8,1,4,2,0,4
GgpRRW-kX-m6Q4sxQh6ptQ,88,2.9,3,10,22,2,4
gp6wwbT2vk9btdE74Nt7EQ,2,5,0,7,39,0,4
tXQlgtZakyIvHu-nubAaEQ,2,5,0,7,24,0,4
J2snzu8HjgmasMpn9TcFNw,3,4,0,7,125,0,4
TcOkF7pqlawVaaP3WMmGgg,19,5,0,8,92,0,4
S7C5o9Flt0m8jsQGFVq9XQ,162,3.83,7,9,30,6,4
KuTO-HVHsR5s2nLcUp3dPQ,4,3.5,2,8,171,0,4
cCERFkLE-X-YipNLIpj8Sw,1,5,0,2,14,0,4
uBDw-CBTUCeIwABW-wwVhQ,4,4.5,0,2,185,0,4
P0WWT26c85Pn41asd4hQxQ,1,1,0,3,87,0,4
t04Ln4lPyimEwD557WtBgQ,13,3.08,0,9,48,0,4
NxeGRT653XX0HWsk8IAY4Q,14,4.12,0,4,18,0,4
7QRec81IeLgHcG6Tln0D8w,40,4.68,0,6,50,0,4
B4jLul68G2Ltp9fA3uB35g,4,3,0,7,5,0,4
CjnjXOmvUU2MHF0ouklnKA,12,3.77,0,7,3,0,4
ysU8R6xh3wFUWsKwyYVy5A,33,3.82,2,7,13,0,4
jTkkVs-OIlynjrTNmoIkAQ,17,4.71,1,6,48,0,4
oIZF6vGbaKsIOlkSODTlmw,8,2.88,0,6,2,0,4
4cWbFCwiJi_1A6Cj-G3lbg,8,2.75,0,7,20,0,4
cJKmV2KKK6IR2Uvej4pf1A,49,3.84,1,9,9,0,4
IfkSZvsBf_dqwNMHZDTv0w,20,2.9,0,8,7,0,4
QCAzZ4qmhwmfkTmmyQhgUg,8,3,1,7,7,0,4
P-Jox5x6s2Lch4I3iKXuhw,1,4,1,6,4,0,4
qpyaeayQcxCGIy3Jwr-dTQ,1,4,0,5,1,0,4
BVDBChj5J1wI6976-vQlFw,1,5,0,5,4,0,4
Un-m3nFoATrfy-vABfiUuw,4,3,1,4,2,0,4
EKb8IPa4HEA1waPgdY6rGQ,5,3.8,1,8,11,0,4
e5yTfVJepoPt4oJRgodzCg,2,3,0,5,14,0,4
u9N5_-N4oRz-UhwCFNbp-Q,41,3.92,1,10,6,0,4
BYHndz653so0BRkP1a5D2Q,17,3.88,1,7,4,0,4
4RAJx6v-PFrVZI7Ed1bdmg,26,3.4,2,10,83,0,4
gX743X2knSemoR1u0L0w0w,12,3.33,1,7,27,0,4
5GTtdrtcRqmevUgJQU3S4w,3,5,0,5,9,0,4
wLAiIGW1YNqQTGy3wXAXFQ,9,3.11,0,5,5,0,4
DJH_tvMzI8lxHQGB7tNyFQ,137,3.59,3,12,29,0,4
8lgnEEobgtaSHpPiwt5OmA,16,4.56,0,9,42,0,4
rgwATzF8eICH44Wg4AtN8A,4,3,0,6,7,0,4
5HbymVnP-3Z_iUgtmvca8Q,1,1,0,3,17,0,4
Jrv3LUBrt8IqFD4aEVYdbQ,43,3.48,1,10,41,0,4
jslm2PanIgBkeX12reFSzA,1,1,1,7,4,0,4
zWdpCEIg-u7Lr3L9pzlS0w,11,4.36,0,5,106,0,4
u7dmLowMhmy5IDDGIcQBJQ,11,4.36,2,7,140,0,4
nAnj_t_r3IYaT5cXOyjcRg,38,3.22,1,8,15,0,4
vvbusTnZiyYHKvTj64LSZg,1,5,0,2,23,0,4
3DjWJ0XJTugLwsq1zNlqNw,25,3.6,1,7,75,0,4
62ARySY-jfekuj5TOD2hsA,1,5,0,4,18,0,4
erAfDxQAhyL1sqDJk-OFhA,15,4,0,4,86,0,4
qIudM-mDiZStPx6HUfGGuA,3,3.75,0,6,22,0,4
HusmCtf8S4Q-xU2FXxn8oA,8,4.13,2,11,113,0,4
eVckKt8Sjh32AshBQ1gwAQ,2,4.5,0,8,44,0,4
e1xnXyB2kKPtbP1NmH3vSQ,23,3.38,2,8,5,0,4
FHHZe7NZIBrR7P9yI62dmg,32,3.53,2,9,17,0,4
IWReVzg469ugQOzFE6nh0A,3,5,0,8,9,0,4
ZXf3TJpfV0qVxVZ5U9wbmQ,13,4.38,1,8,6,0,4
8aBcJCBpKZ1kab6qAy6xYw,4,2.75,0,9,25,0,4
dx4CXudJMih8o2nV5yAuRQ,167,3.6,6,9,38,0,4
FUOOppvvJN788OFrC2fcsA,3,3,1,6,44,0,4
Axm0aPRYn0AZDPjVDLSrMw,1,4,0,3,16,0,4
5y3SrZxJ4kPRl4V1CWcDvw,7,3.71,1,6,1,0,4
SOCjiIVQysd74oH4Op1uoQ,1,5,0,3,9,0,4
KWutXthXlSLoQkmGQ70VlA,1,4,0,3,33,0,4
XbkplD4xNn4JX147PhHTVw,4,2.75,0,8,9,0,4
vp8ILBB39s3NuctZrD5JYg,6,3.5,0,6,2,0,4
K9lhB7nYh43rrqOiKtHglw,2,5,0,7,41,0,4
zbyQu8FCnMI15wTJyf0Wug,1,5,0,3,6,0,4
3KZyemzs7sxefx0wcbwy4w,1,1,0,3,23,0,4
mEFu8UMQWZE7C9pe5aTz0Q,16,3.63,1,6,71,0,4
B7ikDmAIO7P5zVLxwViF_w,1,1,0,3,80,0,4
m8QKETGQY78CnBK86zaZNQ,15,4.6,3,5,7,0,4
1Wdo7TWqLd-Qpz_LXTbXsA,34,4,0,5,14,0,4
MIz26C1DCcnbh1F1fP3Nng,1,2,0,4,39,0,4
5xreLdAqbxbCr56ZnMd6Ng,1,5,0,4,6,0,4
agAMCDjR1r30k0dRYmJBGQ,1,5,0,5,3,0,4
nU5SNwZzybHQiYaDe9KvmQ,9,4.33,0,6,13,0,4
7Jt_o6EgbX9kkTxN3I5tSA,13,3.67,1,7,17,0,4
iKzCZxSc-BTY8E4TkvRK2w,13,4.5,0,9,7,0,4
f1CbfW56DOndXHd1yfADYg,139,3.87,3,8,64,0,4
jTgTKPvDPkhQ2N0ZrFC-3w,108,3.86,7,8,1,0,4
HVlngDbadzhughnqXSuwkw,18,3,2,6,74,0,4
ke2QWRoY962H7hnWC_4akw,3,3.67,0,4,13,0,4
TuAuPTDZEldXkOt0a-n4Xg,44,3.61,1,10,6,0,4
U505Bv98raDPVwX_uSTzRw,1,3,0,3,3,0,4
3Nmo7UiWOfB28AZZ6FNyDQ,9,2.33,0,8,6,0,5
FEmRfgScA8X292d7Q-jqgQ,6,3.17,2,8,32,0,5
dvfTKo5Q3AbvdUfqhRqo7w,182,3.57,14,10,83,3,5
dT_rEHXb369sf_2vLaV6cQ,9,4.33,2,7,48,0,5
-Oxf4__SOa-2LAZDKOUatw,5,3.8,0,7,4,0,5
dBctZUJTlQMzazEtmMddag,11,4.43,1,10,6,0,5
3xz5ZEyydYO_3ex1OhIyUQ,6,3.17,0,7,18,0,5
cpOqABn6YiktZqMrJUB8Aw,50,3.92,1,7,11,0,5
C5kwLWaNNDJLrB_5y7GE0Q,9,3.6,1,9,37,0,5
_qLcCv-Akt2UVpG2yjo19w,1,4,1,8,15,0,5
_vLnYRfXgAqzGSVyd4V5-A,20,4.38,0,5,19,0,5
uYKJlk0ldzyBpIj9UComaw,1,5,0,6,18,0,5
w9sI--r0SUzGuUuhuHQibQ,8,4.38,0,5,20,0,5
PJdRh3a9Ris8XczxLLfaKA,9,3.67,0,8,1,0,5
nIt5_nZQoMmrbb6Bu5N1_Q,2,5,0,8,8,0,5
mtW_BAuJkfyzvE9rN-khjw,3,5,0,4,2,0,5
3Gcb--Vsp1zG0CXU7xtZYw,45,3.69,2,9,12,0,5
QGOHT0w-UTFsjW4sYdcv1w,24,4.04,0,8,15,0,5
opOU5pzFcFCyxOnfS5Yrvw,3,3.67,1,3,8,0,5
Og1mZv9dBe3G57rzsDo-xQ,16,3.72,0,8,6,0,5
ZFBib_17PPCWWyOHooCjow,8,2.38,0,4,12,0,5
t_daSuHT6mbx5X96Tf79OQ,9,3.44,0,6,10,0,5
1KbRiQVSzsfD5rJOMrmnbw,2,5,0,2,18,0,5
s4HoynSaIAzMe8mvNPHbfQ,4,2.5,0,7,22,0,5
ZLqM0XTRDwGOdqQpmq0gbA,9,4.89,0,6,2,0,5
OowzT29EOwuu-PIUODV12Q,6,4.43,0,9,2,0,5
0NcJfo26jYHjAC9P9yvTdA,1,5,0,3,14,0,5
O7X0en4U_vNIq9K28ixXjA,1,2.5,0,5,3,0,5
6pT4AYhEfkWfZquWcvZkhA,4,5,1,5,23,0,5
IYiudiJQBGZDQk5rvsANfA,10,3.7,0,7,25,0,5
0VpLZPLAk3p5zm-X8P5oFQ,5,3.4,0,7,15,0,5
upK6WjsubrqOLkLmJi7p1g,17,3.59,0,8,1,0,5
bs0u5sMtShU8gFIKrvDcBw,3,3.67,1,6,3,0,5
LP7lI5HauQyY6M4Oty97pw,43,4.22,0,7,6,0,5
2zPEo_C3-1PxzLGV7-4t_w,2,2,0,7,8,0,5
QxropANPJAPt79HGf_M2aA,1,1,1,6,17,0,5
VBzRADDn3g-goOSOl6eH6Q,138,3.39,5,9,60,1,5
rR2m9jJ_yTTg18TCd3_XWg,15,4.67,1,5,9,0,5
5jm2VsbS9zbBZk9-HbZKrg,2,5,0,4,59,0,5
RObYkzgN29hA3c_W4kdrIg,11,3.15,1,8,10,0,5
FEhM1N8rQtu2rOW0OS5tsg,2,3,0,10,7,0,5
WNoFo-ol0U-NEU5THySBzQ,12,4.08,0,9,31,0,5
RpWTIZK6EG-TpF3voPBoBA,51,4.17,5,10,54,0,5
m8FcasCsbCdu1YufIsawpA,3,5,0,4,49,0,5
xE0nqMPKWnvIIcEFBlPhAw,1,1,0,3,43,0,5
y1hhO-v8zq3j_yJfxliztA,54,3.94,5,12,13,0,5
shmIbSORu6G5sVQ6-RrmuQ,32,4.06,3,7,34,0,5
wxafIiiBI0ZnYyAgIK9VSg,4,3.5,0,3,25,0,5
fTMy99M1fi5OAEERZ4BDDQ,5,4.4,0,7,12,0,5
IoFdCIye9agWz6vQfR0sDg,103,4.2,8,8,35,3,5
NrU7NGEqHk0xVVsfGzmpqg,22,4.36,1,8,5,0,5
Lz4Q-UVIqLfPSrVJDpcrUA,23,3.4,5,7,143,0,5
jXEB5vzxCWdMMMQurgA2mA,41,3.52,3,9,27,0,5
9-PzMOCbtwPX-H5KXKm41A,3,3.67,0,5,1,0,5
RVBFo8GVq-HaMGq8ATQX4w,12,4.42,0,8,3,0,5
jAUiugIvxBBttXOOYRRCew,2,5,0,5,8,0,5
zShCWrrdslcI7PNIhUhzAA,22,4.59,0,8,11,0,5
3WD43HMBeFJhGDjGqRej0w,10,4.3,0,7,16,0,5
dnvo0vvOyMNAHBQx4aJLSQ,1,4,0,4,6,0,5
i6bkz1cVVyTT42Qm_B951Q,15,4.07,0,8,9,0,5
LHtp8frWFnj3M5mrENkPyA,1,2,0,6,10,0,5
o63mMvP8l3hP0bBsZ4cf-A,1,4,0,8,5,0,5
1zTZP_nZaSDXVAmxmN7WQQ,9,4,0,9,6,0,5
Bg87ZmBMRe3Gx3_Qg75UaA,14,2.27,0,7,6,0,5
XjWEkobQA280c9lCKfWmfQ,82,3.51,7,9,98,3,5
a6l6q3MQ_pSKR3vSL0Suuw,19,3.67,0,7,6,0,5
TjBK0uMx9c2qEiDmDdDPsQ,19,4.5,0,2,5,0,5
ErOAYIogMEmgHVDjSsC16w,3,2.33,0,6,6,0,5
jqtD_r-C_v870_-QdrSi3g,3,2,0,7,34,0,5
_j0znP0XaN3WzcFuTIyAvQ,7,5,0,2,1,0,5
33Q2r8awcMdgvCHeayh9LQ,16,4.56,2,8,28,0,5
M4g64KUEia1qgcn-qNlYsw,16,4.19,1,11,93,0,5
jYvCNsmIqJAscsz8NQ3wDQ,35,4.43,1,8,8,0,5
ZsXELydhzvfeQ2iDsN9riw,5,3.6,1,9,6,0,5
QZnwPe-6ncsccXp893QJTQ,1,4,1,6,10,0,5
9vLR8VHxBzGuWhiHbwaOvQ,1,5,2,8,19,0,5
pN0o7vbzibvat_iM9hSsCg,17,4.29,2,7,19,0,5
6J4qsmdUx3avBdP0KIxPOg,8,4.13,0,7,19,0,5
Quhf_JN1Fa5XEqW_zdo1Sw,2,4.5,0,6,54,0,5
gAUGuXMU_s2cuFlVZyinJw,39,2.91,0,10,32,0,5
hzl9NxvwDfujqnDA97m9fA,2,5,0,6,4,0,5
Of9UCq61gd2ehoN337taKQ,14,2.94,3,9,10,0,5
B98nEdkCvYFsSdVgUzjopA,2,3,0,4,51,0,5
cyMBVi8mCSnxwMXOCfM7xg,19,4.32,0,11,11,0,5
ulw4xCOIuGtDhUrX0DmN5A,1,5,0,3,26,0,5
s37sRQGcAaP42sHpHjW0Nw,68,4.04,2,7,87,0,5
ZISNvek0336SEF3C-QeA8g,43,3.24,2,10,3,0,5
uUvZKJBuJcyAjALiSnfwcA,10,4.36,1,10,2,0,5
FwyK39tuioVTvqVh0Xz1YQ,1,5,0,8,15,0,5
k9QtFBU-DjGH2Q1tnCyPxg,3,4,2,3,32,0,5
4KUjvC3DfaXDmtvD5EWsug,32,3.88,2,7,206,0,5
nA1Gx5_Hhwsuo760-Fe4PQ,69,4.06,16,7,84,0,5
zRmfbwMXJ_CPbc3uOc9eng,51,3.85,6,11,112,0,5
lPBETIrp0LRO_x4yMIId7A,7,5,0,7,7,0,5
YG-eYLLjy4hdblS2kzN74w,77,3.92,6,7,77,3,5
toHDrGDv1U6XLXXG5gk1GQ,128,3.52,9,8,65,3,5
4MEAxrykP1dM9tCiU9_ZXg,4,2,0,8,25,0,5
wKWqT1pN47oAbCGwf8rbvQ,18,4.33,0,6,32,0,5
UIQPEGgaIETvdY-t8uD0gA,1,3,1,1,36,0,5
5U2wOlY0Y2BhWYlmw1hLyg,33,2.65,4,9,29,0,5
UNojRlsNJ2S_CTE2zaO7zg,3,5,0,3,62,0,5
aJGH38F1iwrvbLsOqWHPzg,1,1,0,3,2,0,5
l3bqGKdSvgMzD8rO5WalKA,2,4.5,0,6,7,0,5
9oQtKpmNU_R9nXB3bmJNpg,16,4.13,0,3,37,0,5
rMSe2rhiTYBJRX5xdeV9tA,17,4.06,0,2,3,0,5
3OY8rbQ6a6HFvYaFx1oTzA,25,3.53,0,8,4,0,5
pFkELCn9xsN0dAUSuht_mQ,36,3.79,0,9,5,0,5
mlAMyxe9rnpI8Oab_GP2yg,7,4.43,0,7,22,0,5
a6McBgCuGxZGsmXS4SJUYw,2,5,0,6,1,0,5
lOIY0CPC7BTn_c58dC1j1Q,2,1,0,3,17,0,5
iYQTMl1ps32PWrZCOyPoAg,11,4.58,5,4,12,0,5
dj6xx4Ol1zTUyyHIi5LBzg,3,3.67,1,8,3,0,5
o5dkMSnJ1G-OkgIaZvojOQ,25,4.2,2,10,28,0,5
Lr07coZghkyzVuE6AUvZjQ,2,4,0,8,5,0,5
Cyycc0JRGRaLo9eiEZ3JwQ,33,4.26,4,3,10,0,5
4W1D-dUW7bC_CJYgslzUqA,283,3.66,2,7,11,0,5
TZHksGIgf1Pf6Prkz00-8Q,2,5,0,2,12,0,5
5EW6P-TB8liZ13jv3qKQFg,4,4.25,0,6,6,0,5
FvR5XOj-qO_fkehKJtK8oA,32,3.32,1,9,84,0,5
wJDmNJBkPLhhktNsnoEqyA,6,4.17,0,4,10,0,5
bH7Urv4XkQtrBt3XNPEcgA,11,3,0,6,9,0,5
tYtMzosFRsbgmD024G0KtQ,8,4.63,1,2,1,0,5
THF_XS0VDwlf4v4cxDKF1A,1,1,0,3,145,0,5
vTr0ay-PSQfmO2P8ThKIhQ,61,4.75,4,10,34,0,5
VOgNjspVkb3aFuEhnn1FMQ,12,4.33,0,7,82,0,5
1oufHDiTQtPbzX2dWQPIPw,104,3.77,6,12,28,1,5
qnJClWkrfWYBOene4OoqZQ,39,4.18,0,11,10,0,5
N2Nwas7HET_cYbgHGkHUmg,40,3.47,0,4,2,0,5
0tbXD0NL2B7eK7yqFxhA_g,4,4.86,1,6,18,0,5
7m0zM0_R1NwV8gvwUA8Rzw,31,3.06,3,7,31,1,5
GBWycZ8WSxiwo_Ir2Vvq8w,4,4.75,0,9,60,0,5
PDGNkvvlqytvTZ8Xed2fQQ,3,2.33,0,3,2,0,5
9o4dq-hR_pZ9mOiD_MPIow,228,4.2,20,4,120,3,5
XF-ft3z4Vk-vGoE3xmCEvA,5,1.8,0,8,17,0,5
5GQLXAMOI82L2PHG86Iaew,7,3.86,0,3,77,0,5
FIGTvN4kWyg_rcxydTzPbw,7,4,3,4,52,0,5
3SSUG_tqp-LmJs9VJ-wtkQ,4,3,0,4,98,0,5
Z8akapLCf9SeBnvoFfkslA,11,4.82,0,4,37,0,5
Fz97BlBQlmWktwrh-W_gRg,2,2.5,0,4,1,0,5
iKfu-1k6uiK7x9JK4AMqOA,1,5,0,8,3,0,5
CuYQNgap7M87kCUPONUpBg,2,5,0,5,16,0,5
0nDWKChjIe8KK29_7Gjpqg,1,1,0,5,8,0,5
C5Tmocr7Gb1yttb-Ggu0dA,9,2.82,1,4,5,0,5
QkRYc6kXs-4-fbMzmEYbjg,2,4.5,1,6,23,0,5
_KLeNpGcwUOvW-ujhFN6Fw,63,3.46,4,12,15,0,5
wM9J2ht4hjc1Lev23MtP-w,14,3.71,0,7,9,0,5
EHvPZx_EY_s4r_5K6fL6tg,48,3.85,0,8,32,0,5
dxy6rUg2kqd-rmyx1HQx_A,8,3.75,0,7,2,0,5
gDWdfiYcA9wv5P9FIM1epg,2,2,1,5,1,0,5
My940oGpbqXY1ncc3GdjTQ,32,3.6,1,11,13,0,5
FKiOxj5ddx_Ks1e323RGqA,3,2.33,0,3,15,0,5
P8QqKofj_9Rz9qupyVSToQ,20,4.36,4,8,10,0,5
a8u0bnBwfOhbasgmrdhXqg,8,4,0,8,13,0,5
tYvNXT_aF8tNnqqHba-TWw,1,5,0,1,14,0,5
TtV527nQhO9ziCMEIhGEKg,28,3.63,2,9,13,0,5
uud6ysxja35ZT1ay7sr7Pg,8,4.13,0,8,3,0,5
pKFatKOXQpxtIUkoI3Wh2Q,4,4,1,6,6,0,5
5qrAunC4UHcG4jNQPfv7fA,184,3.37,1,9,37,4,5
s8o7O_osYq1ST3D91aGGqw,2,5,0,4,8,0,5
cDBTOBaSWIiBTWRdkFh9QQ,1,5,1,3,74,0,5
l3BmqICi0Glebx9Nbm0Icg,6,3.83,0,8,1,0,5
Mg_tRr_haqEzkvxCLriomQ,3,3,0,3,22,0,5
L4Zilph1ayo9hoSE0EuK0Q,12,4.08,1,6,32,0,5
pai0Ky1_xNGZebw0VzyJVw,56,3.48,0,8,95,0,5
SH607f7RssYTdLY699JB1Q,10,3.29,1,5,13,0,5
PFs9eMHznf6Y_Fx1ei76Vg,1,5,0,3,25,0,5
Hwf04_mOGVCJ-HefYyD8EQ,7,3.57,0,7,6,0,5
tpJMqedW_DE6BHNv7CsETw,14,4.44,1,9,12,0,5
4Zd9cjllcSiKduQCmTRcxQ,3,5,0,6,2,0,5
5RbUyQYU5wuf9ySUOZeeHA,2,5,0,5,1,0,5
uG6C3WT4bcpv_M6utVIJYA,77,3.37,0,9,29,0,5
RYicK62TnNczslgkPeZZ6g,29,3.69,1,11,4,0,5
B4_fQbU_EIaolFNCScFaAw,4,3,0,7,25,0,5
VI6ddABrTzxHeg0naTxh5g,3,2.6,0,6,14,0,5
iN3dvL2LpYx0-C9DXdQGwA,2,2.67,0,6,3,0,5
JuHXPaQQgiGMvcMEQKTiWQ,8,3.89,0,7,30,0,5
z03oliy1myOjwm1yCq6Cgg,7,3.71,0,7,6,0,5
hx5VflKJAyRyyQzSiRM7Zg,11,3.09,0,8,8,0,5
jzOKUIC0jMXIg5AIpBP8FA,6,4.67,0,8,25,0,5
zpqLuqKk-mZZN3fm6K8nvw,3,4.5,0,5,19,0,5
_ARNVAunanxG_rdrFg_m9A,2,3,1,5,12,0,5
I5up5vt3K_6NqnS61Odusg,101,4.09,1,8,31,0,5
J9YZt_WuAgDw87z-Izmp7A,1,5,0,2,33,0,5
fA8YHM1rKwZs8JP0rPggPw,1,1,0,7,14,0,5
6EtTM2LxmZFn6aKNpkZNhw,18,3.39,0,3,15,0,5
eWWW2ZDAohJAwYi6R3k9Xg,2,4,0,5,9,0,5
EQrG3i0gN3iPw2di1EFbHw,7,3.86,0,2,3,0,5
RUwb8hkQysH3z-SGiRpxmA,5,4.83,0,7,19,0,5
hpbxmAJyTip-O7XyYLGWhQ,25,3.6,2,9,21,0,5
kDStKPjXf_Ys-7ImOrCJmg,4,2.25,0,10,1,0,5
R7rLR0sZ9kYWUCva_unSMQ,8,3.5,0,5,8,0,5
hvr2aioGtZPA7_zQVVWJEw,3,2.33,0,1,21,0,5
HmTTQS55Gpu2ObIhg1C6ag,44,3.56,3,9,30,0,5
_iu1MZGerQg5Llu95jLUiw,7,3.75,1,12,6,0,5
uTigsGavOoRCfwaEHkim9Q,8,3,1,4,19,0,5
uAFG11WgN0Q1KGtldW68IA,112,3.81,1,8,37,3,5
3fWRgb3uOpnU_GS_dbnEGw,370,3.66,42,12,306,4,5
VTv_2Lh8g5xdXGcb4e5tIA,1,5,1,7,14,0,5
4j018YAs2LZEvUkn_z9eUw,6,3,0,4,5,0,5
hmJSUxAp4_fbf-Rk1cUyAg,15,4.73,0,7,4,0,5
KkIeyMz1qqphaEA0v15GVg,11,4.18,0,3,25,0,6
hTIWynsBGC0zQF9MwCqO_w,93,4.2,4,8,60,3,6
5TsBpJRvxCA54ELkQLIphg,52,3.36,6,7,33,0,6
sXGfJoX7JMNBj0di57fdtA,21,3.13,1,7,58,0,6
bf0-sIF5xozmalfgo0rThA,39,4.05,3,7,177,2,6
k-vHRvEp1vOUVmrvyE14UQ,13,4.59,1,9,17,0,6
y0BH0i_kaQFZHkLSVAd7tA,6,4.17,0,9,90,0,6
BgqxpjkhutSsfnA8sUldVw,14,4.87,0,8,39,0,6
0LbwjubU3oOxyYTHdzTnhg,35,3.73,0,9,5,0,6
7op96rfIFx31DapKZCgaCw,33,3.42,2,5,5,0,6
Ysgo8WBVzvBocDSne7GncQ,238,3.66,4,8,11,3,6
i2xnwLMiEUD6BpmWu8Cwmw,13,4.62,0,9,2,0,6
aUPQCj7allm94iSgwkaTcA,10,3.8,0,2,7,0,6
D9-4SsOdFxbxwrFfnFshLQ,9,4.67,0,7,14,0,6
qfkJG6lJPFtBxtN54tvieA,4,3,0,3,1,0,6
jk-YvN6wureylL-KvzepqQ,15,3.87,2,5,26,0,6
l75bRp6kq-OSbs8m6dXiyQ,2,5,0,8,7,0,6
NBQ1WMBffbpOQfPrf73P8Q,19,3.76,0,5,8,0,6
Ug2t66ar6trFUhsbv3ZfeA,1,1,0,4,1,0,6
TjW9eHVZJRkaNqOtndmIjw,3,5,0,2,167,0,6
dlzZVDI0jddCKCdctAZrxA,3,1,0,7,6,0,6
9rjCy-YX2cAvzWeT3JOo2g,1,3,0,6,35,0,6
LeY4WNR3LhrbYBtIYMucPw,2,5,0,8,23,0,6
LgAYQfI4tdx_g5PV9-RN9Q,4,2.5,0,6,24,0,6
kgODITgji5ES8ZT3W9HCaw,3,2.33,0,2,98,0,6
wRPvvA18J_NrWsrKggeP3A,1,5,0,5,18,0,6
h-hL-W5LEekosgzvWPG6qQ,46,3.33,2,9,63,0,6
5tJJTRPZ4M6xI6Rj5u8okw,12,4,1,8,7,0,6
ttBxUGcHhDVwFV0sQzufZA,66,3.63,0,1,3,0,6
y5BG7Enwstvy0qhXHptL_A,5,2.17,0,4,14,0,6
SG2fbN_dH_ndSOsCc2ZJJA,29,3.3,0,8,18,0,6
MYef3bCRF1Rr4Fck4p2j_g,4,3.75,0,8,8,0,6
I5o9rHxGwIGc75aWpxxGzA,8,2.78,0,1,2,0,6
jMcST6UHyZb9M1UzHc1nkg,3,2.33,0,5,16,0,6
RdRNEV-rw_syKHLzxaFP1Q,11,3.09,0,8,4,0,6
9i1dDQNdEdF_A_INgVdTbg,3,5,0,5,16,0,6
6StLytGuJr7uJCJFpsGp1w,1,4,0,9,1,0,6
pg9HHMswsavpexZERFPGtQ,6,3.67,0,4,26,0,6
aYcVJqVCNSiC1rtKFPe2nQ,34,3.53,3,12,22,0,6
#NAME?,8,3.5,0,3,8,0,6
pA2BuD5YUtpS0Bjbz-j44w,2,3,0,7,11,0,6
TFs69ruuZ12nFAhg_FbouQ,2,3,0,5,8,0,6
HL4EUHnewpSFHTZWo0uNLg,25,3.6,1,7,30,0,6
WdH8pzmTvPyFucmrfI0bUA,74,3.91,3,12,22,1,6
wZwNz3fggrk-xHQyXuXr8A,8,4.33,1,9,44,0,6
WVjgEkj__75rfwHV3KOOug,11,3.07,1,7,26,0,6
Btp0lvpPil3Vq-vt180x1A,62,4,4,8,165,2,6
jzuhoslq-DwUp09KD5dO4Q,84,3.56,2,8,66,1,6
_V-6wkTvjXZf4PyWrq9NMQ,3,5,0,4,42,0,6
9ELoiypn3xPBSlyIfkOygw,33,4.21,0,9,65,0,6
iCWuTVEytV20r7om_ZFL4Q,1,4,0,3,8,0,6
z26BIQpRMqY_HdIeRmtS4A,1,5,0,2,27,0,6
Uo-pgxV4JsiEwdSEVs4l2A,20,3.43,1,8,3,0,6
cg17x45x4TJIUDA2dleyOw,4,4.8,0,7,2,0,6
blzF5Nml_TganU1ePimKcw,1,5,0,5,4,0,6
jYaWnTsOp7a50XpprUdi7A,1,1,0,3,1,0,6
ApurYOmeb90ApBQv05Hwiw,3,3,0,3,15,0,6
U1lyAwrs67vnAogjzOyu6A,26,3.67,0,4,10,0,6
O4cUZNGL0gFRyPf-Sffj_w,2,5,0,10,11,0,6
1kDQ0q1QzPOctnQn2UjnTQ,1,1,0,4,9,0,6
1A8JMIEgBwMMUPVs45RqLA,1,5,1,7,21,0,6
s8ODIErv3Sr2G4JCXSYXag,232,3.56,14,8,25,0,6
xUEdIzEdGph7_uRvJsZIew,5,5,0,6,4,0,6
AnrUfJey1x7Q6YpWVL3F9w,11,3.09,1,7,7,0,6
wXOxFgdsSH_COlKHmFFJaw,1,5,0,3,5,0,6
F8A6qBLohIzKHBxAN8134w,4,3.5,0,4,4,0,6
wwRCqF7pWq6iABzy3skdcA,7,4.14,0,7,6,0,6
JMSfOC0u6LhDUDXMJfAS6A,3,2.33,1,4,2,0,6
qYQtMIxItTEggT-fgbKZ2w,15,4.07,0,6,9,0,6
qjnwrcZPOIXnJWLznQkhTg,7,1,0,5,1,0,6
erUHOmdVweMgZCCBmcIO2g,11,4.27,0,6,6,0,6
3cdN_aTv_Co9IDlZqEKdwg,22,3.91,0,7,11,0,6
4N3BOXEDb3Cy8IxWlNXDFQ,1,5,0,3,2,0,6
7D4gQlyB3Tb78CCz26zqww,15,3.63,0,6,3,0,6
EgsbGekWQhe_F9EIQqFiEg,3,5,0,7,1,0,6
8XqgOh3KrUH4466v2uCsdA,57,2.47,0,10,1,0,6
G3qVUuEg5Kob5w9m9uHQLg,18,4.74,1,3,28,0,6
hSSH0eOcJniAqONBsShzpA,3,4.67,1,10,21,0,6
MOPA8zKFx0YZQz3T4speyA,130,3.3,21,10,34,2,6
16Ple1ORzeLBWUEjuht9fg,12,4,1,9,4,0,6
qbpmxjeunJjolTT7fZEfvQ,72,3.95,1,7,49,0,6
7pt73L3VUnntdgOrL1nzxg,1,4,0,6,8,0,6
2Vxwk4gcnN3DKdfJQyR1qw,22,4.91,5,9,13,0,6
f14X-32Fzc-OojvW0cMY8Q,6,3.83,0,6,8,0,6
B7REoQhvoC6gb1p6pDM7JQ,6,2.63,0,8,68,0,6
a3Dpbg0h3aO8BLJXxN029w,37,4,1,10,4,0,6
p4D18GIebk_RBtPd5kHHbQ,6,4.83,0,8,43,0,6
LO5e4D5PU7xm_DuFsWEGog,24,3.83,0,4,42,0,6
ULW6CvjsFtsPgKfJbohOsg,1,5,0,2,7,0,6
aMoJSyxb2-BOJD-9FaimYw,12,3.92,1,8,3,0,6
xri7GPGGKMqwurVQ1Cx79Q,1,4,0,7,18,0,6
cqmfOd66dpz0c6FLFJOVdQ,2,4.5,0,7,2,0,6
LV-Hu1X5bHIql18OjjBFrg,1,2,1,5,29,0,6
J3V2NeGzHG6Orx4XmspySw,2,5,0,3,2,0,6
DyxxX7SJYNhHsT_dGZpc9A,10,4.5,0,5,14,0,6
lAUBxG16-kdzOahKmPNWcA,63,3.45,4,10,7,0,6
g-tZ3cA-SnRTA8SDK-t54A,3,4.33,0,6,19,0,6
XWQ6UegYmdcJECoCYjw-Hw,8,4.5,0,6,18,0,6
eJ3xocBMoCdEc94xapE0Fg,3,3,0,7,3,0,6
AGGDfsjZbotGm-aB4b9GTA,1,5,0,3,18,0,6
fEslPNyGxI8disaH5C2sQQ,5,3.29,0,7,8,0,6
C5RyhmOvN_Eg58rnGqYoZA,19,4.5,0,7,2,0,6
as0FA-stdOFd3rmx0FBRZQ,5,3.8,0,5,5,0,6
2u8uBrIbsLaxxLQqSMgdHw,6,3.33,0,4,8,0,6
lm96NM8nY7CRFd3ByKIjHQ,2,4,0,7,8,0,6
2mbOG_2KzZxssCnIqSe-jQ,10,4.09,1,8,13,0,6
70WLqg5Ee9t7Ub6qOdUiUw,113,3.53,4,7,95,0,6
UyRoKiGUOdtR7y1jGQJUhg,6,4.29,0,6,12,0,6
MjODtNdS1ZRskKS6CWbegQ,90,3.9,13,12,12,0,6
5gip3-bwdpD1VeP_v7Zcmw,26,2.79,0,6,14,0,6
KG0FfmHDF4fdilqv5nEWKA,8,4.25,0,4,1,0,6
IgLJM0KFmElQubTft4Z-0A,2,4.5,0,4,3,0,6
SfUvta6mi7rn8krKQQ0RMQ,1,5,1,7,26,0,6
FjADuuoRhL_tSy-CnLr4tg,37,3.74,1,7,31,0,6
56mYdGNaAZ54yKaugJBhGQ,23,4.96,1,5,6,0,6
Lp4G_nONrbCaYYEHe3l25A,7,3.14,0,6,3,0,6
AcSRRGi5fQoWQK5_VbgQ8g,10,5,0,4,14,0,6
oXE_xy05lRdLfINbuerkyQ,4,5,1,4,141,0,6
Hd5fkLkcuJfnvwekA3FRvg,2,2,1,6,20,0,6
1U7oeJJKAWkUYs58ZSu3DA,6,4.67,0,8,4,0,6
sasDxMhBvs46vYvxjYKGew,2,2.5,0,6,15,0,6
Sh5Sk30CrBNW8-yCbM-hJA,2,5,0,6,24,0,6
Gi7NrdjrUgpqxj-l4CQoug,310,3.2,0,8,10,0,6
R-UW_ahZi_g1RVZZWYGc8A,4,3,1,6,3,0,6
YOrhDucLPKFT154tLD40vQ,36,3.86,0,3,7,0,6
B7OBIvOJpnbLGXTNyhfGbg,5,2.2,0,9,1,0,6
AEmKVRsJqO2xs4JSnFV0jg,3,4,0,8,12,0,6
3PeWHNDTmipUOhS3hggBJg,8,3.6,0,5,2,0,6
3UK5EqIRa67y2rT3CDc5YA,1,5,0,5,4,0,6
JgBQxMCxvN2XV__O5p6KVQ,34,3.74,0,10,7,0,6
OB7Jr1Z4llMO1fxlgV3hdQ,13,4.46,0,6,1,0,6
GTDezQwwAcWF5GU-LDThyA,10,4.92,0,12,11,0,6
HRrNGVowXPwxIdyMtZkZJw,61,3.68,3,8,19,0,6
OkpQr4LcM7ydH6fwxdWVWw,7,3.57,0,1,7,0,6
9d-sGr0N17IDnMpVOpDyhw,4,4.25,0,5,14,0,6
YzdxA97z6EQd9hXT6IbiVw,17,4,1,5,1,0,6
Ij-Vi1Q1QU0xDZMwD13zKA,1,5,0,7,45,0,6
tGauLJpKvH9KNODMUUfr4w,1,4,0,8,49,0,6
P_WmEim6O1LMfIFFscivig,8,3.38,0,3,1,0,6
iZ13n_860aIF0c4Qp9NvxQ,2,3,0,8,9,0,6
aVPsI_2b3FutGqg7q44NCg,3,2,0,7,14,0,6
0GOELcp-hn6sb7bd8rZ48w,9,2.27,1,4,11,0,6
vU_ej-yMvPzqzize26_RCA,1,4,0,8,8,0,6
bf2Txt5XUFi7fQgVk30w8Q,4,5,0,3,11,0,6
c6m02ga4hBWgSDM49Su7vQ,6,4,0,3,9,0,6
HmxAztVdkYvTRM4BnFeJFA,1,2,0,5,53,0,6
ivCQ6oLaalsmZvytynCelw,25,4.13,0,9,3,0,6
Y6SFia-jAyWf9ObCe3xzKA,35,3.42,0,10,37,0,6
#NAME?,17,4.47,1,5,11,0,6
Te3xJ-nqbNRy51MXoN9nNg,1,5,0,4,3,0,6
jKRDjA_odJ4ZJlHYIsrtlQ,8,3.25,0,5,9,0,6
D2ihZWSkHIES3XGaoCh4tg,4,4.25,0,7,14,0,6
iTGrs-IKr4lw9yx1Ph-NAw,5,3.6,0,4,5,0,6
tra04YToNONtiq1k2jlwfQ,7,3.29,0,9,15,0,6
VAKm4mrJ5VoXyQdtkpSzkg,3,2.67,0,4,1,0,6
IPYbq_wHyg5rQllDHkebtg,3,2.33,0,6,9,0,6
zAZQYg55ulncSr45MHoG5Q,4,3.83,0,6,13,0,6
rPGo2LhnzQlUPBVn9lL97g,18,3.45,0,6,2,0,6
e1e1ckcOnjJvnUKQNBTvSA,12,3.42,0,5,9,0,6
bfxETjiT9PAZJee17ngBng,48,4.54,9,12,59,0,6
RI_u8rNPt2wxxxFFVziQ7g,8,4.13,0,8,2,0,6
-1xzSuE5LYeCUEipCzaWgg,2,2.5,0,4,47,0,6
paH3Co4pn75JbdqWfYOHJw,2,3.67,0,6,14,0,6
diofJNxnTe0PwZn8sx2ZtA,272,3.55,2,11,19,0,6
pz0MxImV0yHGaPnpzzthAA,1,4,0,3,18,0,6
NXyhjM2ijeXCq709ngeEcw,42,3.45,2,11,5,0,6
EdfRRImqoov8OhOvcR3rTw,3,2.83,0,1,296,0,6
jS2q9zVSvRLJRwy5sbZn4w,68,3.95,7,10,49,0,6
Awk2iVyIHVB_7TG5dQrIQw,10,4.3,0,5,28,0,6
eqOiq1KPJyfsghjtVjnoAQ,47,3.76,2,6,9,0,6
mFBIF-EQ8OdLw15rzFf1sw,18,3.79,1,9,1,0,6
UAO-_hlbxzaeiNBkHErqgA,20,3.5,2,7,13,0,6
tFKpHrW_Y5c6QAmjhhXO6g,13,4,0,4,36,0,6
LcLgbm2KkAU4mahUxPRDuA,27,3.5,0,11,116,0,6
s2jkR1osopETwWV3-syQ0Q,12,4.42,0,2,57,0,6
Aooz3c9LezL8G5Rmf2HaWg,9,4.3,0,7,48,0,6
3IM9CB_Booj4uzZF1WxSCg,15,4.53,2,6,65,0,6
3B12S1yCa-CdTgjTwHvgig,17,3.94,2,8,79,0,6
jlu6j4DuPuheD5bSZhUyLg,10,2.73,0,6,15,0,6
pG8B-lyYkEWeC4IKfoB-cA,71,3.77,2,9,28,0,6
gSusrLvwOcDm6-WSEHApfw,1,5,0,7,1,0,6
T0LbALUCw3oXaFEt_8d5Cg,18,3.56,1,7,12,0,6
0eV531cwYMnGT8E_0Gwyiw,35,2.71,4,9,2,0,6
ksM13bVV9yDqE1CIJ3LE_w,28,3.03,2,7,3,0,6
yBb5tV416QkBDGL6k7a69w,65,4.28,1,10,15,0,6
rcN0cKNBFHpk6s_lmDMrdw,4,5,0,6,5,0,6
1EIZz_vXvjHaVXbCcmV8dA,2,4.5,0,6,14,0,6
LC4GjQszYNpFcAeGG7TKFQ,22,4.23,0,6,91,0,6
N3ieT9TJvdpVZ3eMyl32uA,16,3.56,1,7,25,0,6
I-yUVeG9kW4TNazTuaCIMg,10,4.1,0,7,4,0,6
vvdg_hBh8lTc2fSskIv02g,11,3.27,1,5,18,0,6
f-2aGGWRUJh0W0iMnqXEDA,3,4.33,1,6,7,0,6
#NAME?,1,5,0,3,12,0,6
hZDupTcZrPP2P5R20UCtUQ,18,3.74,0,9,19,0,6
Wf9unRN4IQsS3rGq1eaJKg,1,1,0,4,4,0,6
32t5lA53AatsErvDkvtfMw,8,3.25,0,6,16,0,6
Sdsa1wB0yXfTFQx6XRisEQ,14,4.29,1,7,3,0,6
X6ZNUXDGdlPFBvxGgUOUmg,1,5,0,4,3,0,6
1I7IJqqGwlyAZHfKLRQIZA,16,2.84,3,9,61,0,6
UmlJLj-zeRfyXDL5ouZCjg,4,4,0,8,9,0,7
exWhIvuaOTHfoP8_ZEINjg,3,3,0,5,2,0,7
bmHLHijF54gd6VYAmCRgpg,77,3.56,3,12,19,0,7
ymy_NL3b7hMYGFRAvwyCMQ,1,5,0,5,52,0,7
MKOn-bPD6WI4_RnF0gzIUA,1,4,0,6,7,0,7
ySwE3qPNwkqpyPbEV2oxew,1,1,0,4,17,0,7
DU20Dr5K7vAgwWKQliV9Kg,16,3.56,1,7,16,0,7
OEzLLQ_aaDBvQClWiTDkFg,8,4,1,5,3,0,7
kkQ1xxc92HDfz6Gu-I5VSw,1,5,0,8,9,0,7
rFGJg0bq67-0gnwU-ZHD-g,5,3.5,0,5,2,0,7
5N-SA8cRX2mrEHOtADt4EA,2,5,0,7,10,0,7
6vwnY13AOh36uRGv4WgFdQ,4,4.25,0,9,23,0,7
9E_0m3BeGPhrnRgLuX-bBw,149,3.69,1,9,6,0,7
XfdG9G4NgTJtw1ltjSgUww,3,5,1,5,5,0,7
mTMZ7uCfeePxQxuG-srRpA,20,3,0,8,5,0,7
tHStf1qlliRe8iCcxjwK-Q,19,3.47,1,5,6,0,7
usDFtYLo1iyy9OooMUbbXA,10,4.67,1,8,6,0,7
eJge5nG2t-jPgNZGZqysxw,1,5,0,3,32,0,7
t1umHgrNVKmmg-C52voMMw,1,5,0,7,1,0,7
Sk9HVmFBYtq9ZXBQi5vi8A,17,4,0,7,23,0,7
4bFc8-w_rx5x9IhLlOd-fA,2,5,0,4,20,0,7
dafr9C79LBzfoqQ6i-c_Ew,21,3.33,0,7,17,0,7
ZdECntGt6RZxq8WrkEn6cQ,1,5,0,4,2,0,7
URmyWmBYiXu-k_lL_pLhpw,11,4.18,1,12,10,0,7
-6_D3_aPhXsCcKzSAJhY9A,5,4.2,0,1,18,0,7
J7SC8Z5N6FO6BhM7Fecrug,1,5,0,6,31,0,7
0aqKlcqLaJ3BL8PWUqcclw,19,4.21,0,7,5,0,7
Wat_Gk9bsYnCkQy7j1f3wg,3,4.75,0,6,9,0,7
21ZRQ-LclRYbOO7CmzDtTQ,26,5,1,9,36,0,7
irMgSdIIKG9alhVKlT-mOw,1,4,0,7,12,0,7
wwqmVpY7lP1b3LJX1T4tGA,9,1.9,0,7,22,0,7
2K7ZbX4OgpgIhwS7Ubk-hQ,2,3,1,8,63,0,7
SnIrAh6JK5oDSockxXHJqQ,5,4,1,7,61,0,7
v6SMUEV3IMoEgAAv7314SQ,6,3,0,7,10,0,7
F9jzKK8giSOnxfVTK8kF4A,4,5,0,3,97,0,7
ZA1mH9eFgGw6AcPeZYX9Qg,2,5,0,3,46,0,7
O2qaWudjqPNSSX5-0P5vLw,7,4.29,0,5,10,0,7
m_aDe7A6YZbBvultmK4oGg,1,1,0,3,4,0,7
GsqbbZhAQrXAtaDZgpBTGg,4,4,0,8,1,0,7
NPm5Rf4fw-G7vaT0AkoNLA,1,3,0,8,4,0,7
1vp0T5Z2Wv3C9vCZK7D4Qw,3,3.33,0,3,2,0,7
s3gAOqypjWK6lTdCHjiqyQ,5,5,0,7,2,0,7
CqxNBTdvChWzuuPVAHlOjQ,14,3.29,0,8,6,0,7
KBAxRSTUevP5O59UJERuHw,1,2,0,7,2,0,7
zIpjzR7afyqUh2r-aO4PWw,7,3.29,1,6,1,0,7
dotEus1V6Dq8X26E0exWGg,8,3.88,0,7,24,0,7
LrRhYRi6Z0Uqeq_VMtzCqg,4,3.25,3,10,27,0,7
RdGX5GulefDg6ou8GvFWrA,2,4.5,0,5,17,0,7
pr5fBVhcNUkzp1IUYHE7jg,1,5,0,6,8,0,7
Gil-8h_ZPRx6DMaph5nMMw,1,5,0,7,1,0,7
9MgeKQhf_2_IzDIBGzIXgA,1,1,0,4,10,0,7
eC5l8kKr8lqBTVEheT9wbw,2,4,0,3,1,0,7
pco5Mgp7tmuaNoBSjjxwfw,19,4.52,1,8,48,0,7
yFu-hpi-9mk4LArFsG6lEw,1,5,0,4,97,0,7
B5ZNE8-c_zwJ7ooOYOECEA,9,3.56,0,4,20,0,7
vyNvQaDi6v7G62BuJza-UA,3,5,0,6,35,0,7
1SjkNcXzp680nRONRADgRQ,11,4.67,0,9,42,0,7
3W1Cog2Qrx2ak9vUbzzsVA,18,3.7,2,10,17,0,7
5mk0ghfY0kwJ7x8soxRBkA,50,3.31,2,7,12,0,7
V40kly5Mxed5b2Lap-d4mw,5,5,0,5,26,0,7
dYDzlanHYyOuf7FifvbxFw,4,3.25,0,4,38,0,7
P8SbHSieGwmLcnwG6-TWbg,3,5,0,2,29,0,7
jgGqtUoh0abU3YPaCgfatA,1,5,0,5,7,0,7
bd3ctkmxRiVktFpv4S_4wQ,22,4.36,0,7,20,0,7
UcbgI2hmz2wsrJqw0g23wQ,3,4.67,0,8,8,0,7
AEZj2axEeiAMrdKQke9YIw,3,4.67,0,7,19,0,7
GZX0JDzDaMDvizmUZZDlhg,4,4.25,0,7,2,0,7
18-HHNf0mEzQKbJCERmLfQ,6,4.29,0,9,4,0,7
#NAME?,2,5,0,6,4,0,7
ZNzCguGqrXUHc7F39DxcGw,1,2,0,6,2,0,7
5nOFcgt6OppZFqyOLgo4UA,9,3.7,1,8,7,0,7
1tbQMjxS6JQunA0WxZ-SXw,8,3.63,0,8,14,0,7
mLg2DEkzIM9g78rGWAPs6w,8,4.13,0,6,6,0,7
eY4X7aZNLzvWDuho7mrI0Q,24,3.16,1,9,46,0,7
8mltTGo28M1_wAUQJH3O1Q,5,4.2,0,6,1,0,7
bdzVC3up6Uvj21h6QJxj_A,5,3.6,0,5,18,0,7
_viEarmGDygq1U1t0oSePg,152,3.39,3,8,76,0,7
DvRTklPW_CG6uMEGPkTQSg,18,4.56,1,6,7,0,7
hRuC2bPY1rz9cbEpqvgYww,1,5,0,6,11,0,7
k5VdkWr1pAMh4miQI8gXhA,144,3.37,10,12,51,2,7
auXeilub0OqQTW_ScHWlLw,11,3.43,0,7,52,0,7
ZcYNpemiHw2OOpQxkVbrVg,39,3.1,0,8,2,0,7
D38j0mLVeldCpNq7d9AwoQ,2,3,0,1,2,0,7
iZXz2S_Gyw-KeriTxlfwsA,1,5,1,7,9,0,7
OuSJE0Hr4q_E-hEWF5YT0Q,24,3.68,0,7,41,0,7
D11CxqbXrxyV8MZnx9fj8g,12,3.5,1,9,1,0,7
5m5jw1NtTKKe4DUxBElhjA,5,1.8,0,6,29,0,7
Y21XrY57Y4DUGNtYbPlT9A,20,3.65,1,7,16,0,7
viPpVbqHEzy_7pb9qfB4rw,1,1,0,9,10,0,7
clgrUNWEImr-yBDdYouE5Q,22,4.57,1,6,6,0,7
TcBFEMOZcQMprZcq3ZP2SA,1,5,0,4,1,0,7
MxMf3-XBc-o7zwTS2sSGRA,3,4.33,1,5,4,0,7
hyc5GYZGzoBQyHdZjmSDIw,2,5,0,7,3,0,7
Wcnb8pypRNaO8zO4B7d-Gg,13,4.86,0,7,15,0,7
lTrSbkRgQOkjgU1MiMEX2g,1,5,0,6,1,0,7
AFLhn5QQ1w9p7tYRqOidHQ,2,3,0,4,1,0,7
hBfkUcP9Wlkeu2isjK6BQg,1,1,0,2,3,0,7
BDGT7xX_CVSUuotbgEjl0g,5,3.5,0,4,6,0,7
f34ngJsBmUia3cEEJEmaqA,8,3.3,0,8,25,0,7
ZrStUuYq84p8aaDLqXmfQA,3,4.33,0,6,2,0,7
VmcksS-KXruH1OvNqwdBhA,1,1,0,4,13,0,7
GiZtUWsrGCEUsCM_HyT9Pg,38,3.15,1,7,24,0,7
GXN-KXS_KX-P6NzF9sH44Q,2,5,0,7,13,0,7
1csOPA2cvM4pVryg90OBNg,17,2.94,2,7,4,0,7
uuvKE2VpAo8ZsiOQOf-wuA,18,4.45,1,8,235,0,7
RIroUg2XJyrqzfc-waGZcA,16,4.31,1,4,48,0,7
Mji05ZiUS4dtjjAH8oQ5mg,30,3.9,1,4,61,0,7
kZET-7PlVh9_wCa3PP8o6w,3,4.67,0,7,7,0,7
lFW6Uul-xojRowZ69iZMqg,63,3.86,4,10,7,1,7
i0ynYHHdCsKisprGEABgTw,3,5,0,2,11,0,7
RIGLEEzdCppOx3odAd6Obw,20,3.9,0,8,11,0,7
OKUs_ZvoDYkgg-bFRfmHCg,131,4.34,9,4,62,3,7
bCYmQEd3fDInTF_EyIFjiw,4,3,0,7,1,0,7
4C2NpDb2mobu0UtCdNB5RA,8,3.58,2,8,355,0,7
8MvvN5Vne_70V7FvjUZUCw,3,4.5,1,7,3,0,7
MrfHVj25TQaCjxGwUhigbA,1,1,1,8,49,0,7
ixZtiQ9L1QZ0NaUL3A-z_g,15,4.5,0,7,1,0,7
GI-bwqjtXbmwMIWYgmOJGg,1,1,0,5,5,0,7
bgxDL0VErQvaOhVuLOIZBw,2,5,0,5,3,0,7
qTHddVXh4Hfat3QsUfE9ug,1,5,0,7,8,0,7
tCHxYVmWyfsLoYHgkJPjcA,54,3.73,0,12,17,0,7
81hIqn_Fct1IGx2NL5Gf-A,1,3,0,6,2,0,7
4VXk20Xu6bDk-0tht-cJMA,1,5,0,5,1,0,7
WIFcafPNVBgawkeBYtlJQw,12,4.31,0,8,4,0,7
flotdiFGTWNYD-5eK3yx2w,3,1.33,0,3,34,0,7
a8vFDE6q44fNhCQcYl6a6g,2,2,0,5,1,0,7
Hv0TWKbJNR9Hw2JSilJ1kg,22,3.95,3,7,12,0,7
NBKJKyalREdNl0tm-2GJpg,4,3,0,9,9,0,7
gePiRFVkZvU22zPhlhHipw,44,4,0,6,16,2,7
HlzUO7R25gJHYbUDqUZDfg,51,3.65,3,8,34,0,7
Ibd045_baNne_JRU-3OCwg,1,5,0,1,4,0,7
bBwN87JuqRXJDkEbX-TWAA,15,4.13,0,8,30,0,7
wFx_18y69Tx14CsXSee45w,23,4.09,2,12,9,0,7
AVh3RIHtRPnX021XWcqw5g,61,3.92,0,4,3,0,7
PwNchiNyEpDuQ2fSI3eE5A,27,4.22,0,6,7,0,7
3XVXNYEyXpXdvDwH7yh6IQ,1,5,0,8,23,0,7
#NAME?,23,4.64,2,9,43,0,7
Djhy4-50pULyeNL9Lrhw3Q,4,5,0,6,40,0,7
XLAzIL46YIDG6ipib2jUfA,21,3.67,0,2,11,0,7
qvq89mAM02d_SCoRMGJT0w,11,4.27,2,7,13,0,7
oto9IZBXW4Uc2pjuj_U3Hg,7,4,0,2,7,0,7
Rm269GlzIZe8YINBeZ041g,6,4.17,0,8,35,0,7
ffoLntEhikWCskpmXYip5Q,2,2.5,0,6,37,0,7
SEi-ECjbwRug5pzfzF9l0w,8,3.38,0,5,6,0,7
5hyY1ebQrPRqSdAiniyfRQ,4,3.5,0,3,7,0,7
Lw6rNQiIyROCHyCPGoUoLA,55,3.51,1,6,6,0,7
V9ZXJzNPpDjLFgtpTVxIXg,8,4.56,0,5,1,0,7
nnYaG9kOfipomMCYd8IABg,3,5,0,6,3,0,7
j3ePDDOIOlGj9ZYyVnOqOw,100,3.82,2,4,7,0,7
044DINlwBINGjHH-h2wmww,3,1.67,1,4,2,0,7
Eb_61InEBUOVr3nzS6WI3g,133,3.64,9,6,61,0,7
eCgDdwA-zA7unxyT68XOdQ,24,3.92,0,8,4,0,7
#NAME?,5,3.4,0,7,2,0,7
Z7xdvngzxGEOdQTPxvh5Hw,7,3.71,0,7,13,0,7
DWCGjuzGSAFg3IoTJ30vwg,5,3.2,1,7,21,0,7
ToIfCr_rlsFjVo5oo0sS1g,83,3.96,6,9,35,2,7
aZwYII-E6szq4bi7N0WuYw,18,4.11,2,12,7,0,7
vEm54Hs4XErFwtg6qIqffw,5,3.2,0,6,11,0,7
6qquS9PvBHYkpLlfK4RUCA,10,2.2,0,4,3,0,7
6nywvBxQnuyZF7J6mkT1iA,2,3,0,8,7,0,7
B-vci15k69TywtAescMebg,16,4.38,1,7,47,0,7
iUJn-rgP1zDyD2zBfAAU3g,3,4.67,0,6,23,0,7
i08K880aW0DOcp33Qz2vCQ,4,2.5,0,7,26,0,7
#NAME?,7,5,2,10,6,0,7
LfGIg7dEGIwSWhjVPtfhPA,1,5,0,2,8,0,7
GvzLzXI5M1em_VUFtKG6Zg,9,3.89,1,2,12,0,7
miYadhpWV81SXUEae3LX_A,201,3.9,11,9,8,0,7
7vrBSFfE77qieoAuEnmQNg,34,3.54,1,7,9,0,7
YFZb2WYYtp2ZwDQQhEPsXg,41,4.3,0,10,54,0,7
a_cXpub113PyFkat4uQbeQ,10,4.45,1,5,77,0,7
uvnEFgR4Y4xg0Ad5GnLreg,143,4,0,6,1,0,7
K-ek2E8oR9c3nG9UO_ho3g,7,3.71,0,6,5,0,7
r8c5CUnPp8WMl65ABnRNtQ,27,4.31,1,9,18,0,7
7NzGHVurM5yzzjPDqHk0jQ,43,3.91,0,5,8,0,7
LiYTbjMx1reOO_53W93L8w,221,4.14,22,7,211,4,7
3F3G_1ItUJgSaAaoRDYyfg,1,5,0,6,45,0,7
l77LwHmSs7yOGpHs8Y0e2g,19,3.5,0,6,6,0,7
itByG7FnKKuxnKBT9_-AhQ,6,4.57,0,7,90,0,7
aHOLHy9Sh-tR6V3kinpp9g,19,3.45,0,10,35,0,7
Hr6nFnsNGLc7UaqGnA1B1A,7,4.25,0,6,8,0,7
8ItpwCyP0VZreTUDTAacTw,1,5,0,5,1,0,7
uCgojk7uNs6GyRw8RJpjFQ,6,3.67,0,4,4,0,7
A2FtyOdFsMsLEdxV-zT9og,1,5,0,6,2,0,7
yYjJzg3yTYlRFHekx8LLUw,1,1.33,0,3,3,0,7
GUfi8OrYDdDwUE0RSn1I4A,1,1,0,2,1,0,7
0icDKmG8uEGvEDsiNYiVNQ,2,4.5,0,7,1,0,7
b7pTwvigBQIeJFcrbQ0VTg,3,5,0,8,2,0,7
fHhgw2g41yZdphcYhZoBYw,4,4.75,0,5,3,0,7
3-4vZQNuTVmtLFMxTLOQOg,3,5,0,5,2,0,7
Ed2brWO_sqHGtCW-wHyrzw,4,3.5,0,6,21,0,7
Zsrgh0Uvx4WSGAgjt6b2mg,3,3.67,0,4,1,0,7
etW9UhDrLLUULtXKORC7dA,13,4,0,9,3,0,7
mx6rod4eb2Y-uBnyM1YMzw,2,4.5,0,5,22,0,7
3cY3gsqViL521X-avrrxVw,8,4.38,0,9,2,0,7
HwDP9NBxcvsnXwm80mYUow,27,3.56,0,10,76,0,7
r1or_2ck3sylcZJJ9BX9ug,214,3.7,9,10,44,1,7
Tz9ZLbOU9Oy47qJOqqWw7w,4,5,0,5,6,0,7
17GR1bKcDzr0czFeRHMbVg,6,3.57,0,6,12,0,7
YvfSYfvaPUg1lBsoUKwXmg,3,4.67,1,8,3,0,7
Xxd3lLPDQYkGoymfKt0DTQ,4,5,0,6,13,0,7
cuBlDL1bmbXX8QQ8uLP_tg,9,3.33,0,3,4,0,7
9-oTxV0QCJ6h6j7XCr-d-w,8,3.44,0,8,4,0,8
aHtTPmDqmHcayhnWfCEtyA,1,5,0,7,11,0,8
zgGTqXAv3bW-YCV6dS_ZRg,25,3.52,3,5,4,0,8
tUHS_5o_g2SsCOmXZ7ed-A,4,3.17,0,7,3,0,8
irjBVb3fE_LgYLYx9HcE1A,26,4,1,8,27,0,8
DrabiUUC8jiHZvRU563cVA,9,3,0,5,11,0,8
fGJW-2GxLi6Rdri3nDCMbg,7,3.88,0,7,9,0,8
f95i8rob5YiCZZPzN1ex9w,2,2,0,6,1,0,8
Mz5hNHBn7Jd_nMePNzHrJg,1,1,0,1,7,0,8
umdpsmn-Hl5K8yTiWBK9Nw,3,4,0,5,1,0,8
qK6zl_Tm1_oT5S-FXm9IEg,6,4,0,5,3,0,8
P5Sglj4XyNsWb_cR3k3H5w,113,3.87,6,11,31,2,8
FYwDLyyitgPBpciXeKzhpw,1,1,0,6,2,0,8
vLweYQSCKZN2T9HyPN61VQ,31,3.28,1,11,9,0,8
1tRZCWlt2BEm9FlTaaiGLw,62,4.17,2,5,46,0,8
EaMmdr8o81kSzmXgHpU7sA,10,4.1,0,8,10,0,8
g-l_Y5IUMf7QdmryO6mzPA,1,5,0,5,7,0,8
bu-jr8AeNv8LwAyfcFPyCw,1,1,0,1,49,0,8
7fuDB6C0Eyxom9rjOMiscA,27,4.3,1,4,5,0,8
OxA_E7ZD0f_4Gh8FQfCLUA,4,2,0,3,1,0,8
XpYfSqVKrE6RXgCt7BbaWg,102,3.54,3,5,6,0,8
cm5e0cUyWuKY9eykR0Ko1g,5,5,0,7,47,0,8
XXMKwHCQ0vaEA8Ol-GbCRw,1,4,0,4,9,0,8
2eJ-qxJ7oWtdioRzrOqaDA,16,4.06,0,8,6,0,8
qFgkV6LFhw7_mCnUsjVYlw,5,5,1,5,5,0,8
JaQF9ClR8achAIT7wJD-Uw,103,3.9,5,7,17,0,8
vNKNUyfd2TxzSV7ENg7H_w,26,3.63,1,5,11,0,8
IGfMHHK98QHqn77f_yuceg,1,5,1,7,8,0,8
zHW6b4thIf0UsYVROW0ZPg,3,5,0,7,5,0,8
djrsfiTrOyrxYT58owyNOw,2,3.67,0,6,6,0,8
PcCXX1Y0e-EP5GGfTJQVig,8,3.56,0,4,18,0,8
q_IE__5TLQIEFGaeSMJEJw,5,2.8,0,7,19,0,8
1nq2HVfp5WeV_hrfpiKLEw,3,3.33,0,9,2,0,8
U5l3tzsAjFqFnHjrAuWPwg,20,3.71,1,5,20,0,8
3qSkqoiBq5bZt53Jsr4Ysg,12,3.92,0,7,53,0,8
7fS0mD1xpdwcc519K4WUPw,3,1.33,0,8,2,0,8
CG5UmYdEkvVvNsJi4rytRQ,3,5,0,8,24,0,8
Rg_UTxOb4XOh3_39m2gSqw,16,4.44,2,5,26,0,8
zMgdEsxCDXt_LobGp7mKyg,5,2.5,0,9,4,0,8
ZcysmZjtuBs-8jZKJwjDig,2,5,1,5,1,0,8
8Qiq5-vuhVmJIb-i33yiBg,2,3,0,6,1,0,8
QKbWNYnqymzBcxYOqRMCwQ,9,2,0,3,2,0,8
50oNPpE1ao7HhdNUn_JMTg,10,3.27,0,8,50,0,8
J-fW9kluWmCAqgFoV_Le5w,7,2,0,6,10,0,8
AduXmIMKjvWrCK6IlfrEQg,5,3.4,0,5,6,0,8
jkApA18neRmlU5d4jzm6UQ,4,4,0,8,16,0,8
mqM_aK6qRG5PVsjSVvrq-Q,14,3.44,0,4,8,0,8
1-pks3D1zv-G8xC4IKuK-g,7,5,0,3,8,0,8
4PAbEV_aep8BYVZPzVGrnw,41,3.67,1,8,2,0,8
eUhrCLSAVKcncv3mU5ehWg,11,3.73,0,3,1,0,8
G8zXwB63B79H1pgHOh59Kg,48,4.02,0,5,17,0,8
MFl_gprdN1FUeIoamAnMAw,2,2.67,0,8,4,0,8
ZxAxcw8UB1j8RyzfVF104Q,5,5,0,4,5,0,8
maL0E9TZ5XDogkrD8E83Yg,5,5,0,4,29,0,8
8N8uf-lzWqOxORvkCNQKEA,4,5,0,6,1,0,8
MtuW0K-4mQ9DlwKQmGWyaA,11,4.36,2,3,4,0,8
7tpWX6JTm_EuUuBI2jzrqw,13,3.85,2,7,16,0,8
fqsfvhr5IIEoRPG-UE9p2Q,14,4.29,0,8,15,0,8
k0WnYELD_Jsm-NrANRuwvQ,15,3.88,1,8,7,0,8
yEX2mk_BS_7ZgW7nEgGxxw,24,4.38,2,10,13,0,8
YHWsLBS8jzZiPjKHMFOaAA,106,3.38,13,8,73,0,8
PggNI7a896ishMda6rvIig,10,4.6,0,7,43,0,8
LqWkQEFP_OfyL7ClARcJgg,1,5,0,5,15,0,8
#NAME?,1,5,0,6,58,0,8
hOxk3OjReJ02tFDcNKTKhg,13,3.64,0,9,1,0,8
aOyLgIe2VvnBbLqZpgUMjw,13,4.2,1,5,4,0,8
3qag2PenArKf88njNX7UwQ,5,4.4,0,4,15,0,8
534j6IK91B3GUWIvdwz1xg,1,5,0,5,3,0,8
WkutnaN6MIGyfe10-2BhBg,5,3.4,0,8,3,0,8
Ue2ESZiJ1qcVcsiRsywjmw,3,5,0,5,6,0,8
QxrGpP5tDJi0dGibYcYxPQ,2,2,0,1,33,0,8
gbpQVCxK9ugDGRj5BXiK-A,17,2.88,0,10,4,0,8
33PSuw7Td_DmYvD-rgIGxA,50,4.54,1,6,27,0,8
w2WTgiok2JJkZaApCw9FCg,7,4.71,0,7,16,0,8
jZI-fTZISwtPkE6VgR-2mw,2,5,0,4,48,0,8
AvesAvv7cxK806IAZw6HKQ,4,3,0,3,25,0,8
bJgetelSo7ydyd2EKvfkXw,3,4.33,0,6,34,0,8
ZfurQhRA9PaZ6sQBaQFfZw,4,5,0,7,1,0,8
MHjSSDFIewVaoHGQaeC9gQ,3,2.67,0,3,143,0,8
OZ7EkPvpsaXr-BRlebQ7oA,22,4.31,0,5,3,0,8
dau51Fx2kUluTvLuJl0eCA,1,5,0,5,9,0,8
OBZNXUBArhZZ3p3q2ENBeQ,4,4.25,0,9,1,0,8
_nlXKLR2r-C4dmRpVvRjrw,20,2.55,1,5,1,0,8
YJIHTedfz3xBfdWCdr7cOQ,1,1,0,3,10,0,8
iNXGhKSAIPCqtSnwsT8EZA,2,5,0,4,21,0,8
fjz8d2bpxmuvsZDvyyvoUw,1,5,0,6,6,0,8
oNwG-dRT2dA9p4zqDygNeA,1,5,0,10,9,0,8
WOjGgGW71NYwAmdbj625yQ,2,5,0,7,8,0,8
fI3ByZJCMY3T_o_IQZqKyw,2,4.5,0,8,25,0,8
fHRaXLjxoy70fgX0tz-lTQ,1,5,1,7,114,0,8
l4DLz8cUGjpbs9mL1S-xAw,27,4.1,6,6,52,0,8
cm9lrBHi9vl-xKPvBXp29w,58,3.24,5,7,57,0,8
m7K-vHOY4qeb_pM3PiZKTg,36,3.49,0,12,16,0,8
_D0fpoWGQt3_-FGYLWuntg,26,3.43,1,13,16,0,8
XllZA4TsEbVgOqWFdsXVbw,26,3.62,1,7,77,0,8
8gxNYDZmexw9f7nZz345iw,123,3.87,7,8,27,0,8
Jr8AJIZBIXE04eX8URtG1Q,3,2.33,1,7,54,0,8
waUrPSBpHvrnrEtSVCEiYQ,14,3.64,4,8,137,0,8
khfnTx39pWf7cEJBuAEWJg,7,4.43,0,7,64,0,8
RTr6XvRiHCwSwS-iV5-FcA,35,2.39,2,9,21,0,8
DcYhtqR2yXZ8O4pcq9nWzg,2,5,0,8,6,0,8
Z409JSPUMDlpIAtA92o3rQ,6,2.57,0,5,3,0,8
LayJaisN0DKUwttgIDTTww,5,4,0,4,7,0,8
IJ29XApkY2dMCAYq1_uUWQ,11,4.36,0,3,33,0,8
bQa53uSL5T-kSm2E4EwnlA,3,3,0,6,26,0,8
g0zUN18lSO_eWJ-cZezqUw,8,2.75,0,5,4,0,8
FhJVgzeAgnCnJplGmICojQ,1,5,0,2,55,0,8
ajxMkGDtsXM-x0M625ybcA,4,2.4,1,7,25,0,8
pWgPGDlqnX-eSOub8uxbmQ,6,4.33,0,8,39,0,8
qQvJAccCabfSEUKYf51NiA,1,4,0,6,7,0,8
ahUk7NFpSHppmu0tOBP9bw,2,3,0,8,9,0,8
HKrOVhwsLjIJZJ1TOAEAtw,2,1.5,0,9,16,0,8
vy-9B6HOz0Rn8sc6eBdAcQ,10,4.5,1,10,6,0,8
RnCgb6AhXghZRmaRSfVdUw,1,2,0,5,1,0,8
#NAME?,20,3.39,1,9,15,0,8
h0LSmnghYEUBa-iMuJ8XNw,16,3.63,0,7,4,0,8
szwcIizcup-Cxc9JybCpDw,66,3.73,4,9,5,0,8
K1CW90xMjXKspsU3PfCf_g,4,2.83,1,5,6,0,8
QXUWglC3-T0KyrShikw_jA,4,2.8,0,1,22,0,8
c9ljz9m6Fmmz6A8ITdubqg,69,3.33,3,8,90,0,8
KqeIQRCoeye6ZFxHdWHuDg,3,2.33,0,4,13,0,8
wkyUilspdO7ovtq-F976sQ,1,5,0,3,69,0,8
6tf1LUFKkAljsx4ZbGBoSA,5,2,0,7,21,0,8
Jy7ByLMiEul_6fN2u4olHQ,1,5,1,6,122,0,8
zDwaaWeBHN2WGaAgoxskkg,2,4.5,0,8,3,0,8
AhhtjILtsTh8FzqlO1tECQ,2,5,0,7,2,0,8
37nnSWQB5YEESn-Qxy7ywA,4,2.75,0,8,17,0,8
Cp_zBPLE_zhKMugedYJGvA,1,1,0,3,24,0,8
UeIJBjaq9yMXW3VFrljxLA,61,3.97,2,10,31,0,8
IGs3jDoatwcMLxKJFKl0WQ,2,5,0,8,5,0,8
cvgTtA2FxJkYBFwLXaMteQ,13,3.46,0,9,4,0,8
PsYfswWqpz5E4rXL8t1tpA,2,3,0,3,24,0,8
4oUR0OVCDfXPfGNXd8nGdQ,2,3,0,3,12,0,8
p5O2r6OdB-m52Ckp7OTBwA,2,3.5,0,8,12,0,8
Nl39i4FEFppNo4q8OP50Sw,62,2.87,6,12,18,0,8
YsEFhnNHw1ibi96vhxlFZg,15,2.5,0,7,3,0,8
XCMga38a-luparLjU2eBCQ,2,4.5,0,5,31,0,8
vvzNmc1a1W8VKVXV4dhEAA,1,5,0,3,7,0,8
zwbZnvu_dmG07VDF7Hfm5A,3,3.33,0,5,1,0,8
ysHXGWxsvqW5qGvUukwJQg,41,3.91,2,7,4,0,8
cxOlfm3F2YmfpSbP-3rdww,4,4.25,0,4,4,0,8
oZXbyyVaXHacNEKyzFuPxA,7,3.86,0,6,6,0,8
M3tQp7xCLCT4GpK2Zc25fA,3,3.67,0,5,2,0,8
evoWV_Jo6uwsImK6NHTYZQ,1,5,0,3,13,0,8
6DvSA3S6ix_ATCqbhx_1oQ,20,4.7,0,3,1,0,8
OxIPT0wCAtpsUqKwZge2CA,16,3.31,0,7,1,0,8
2a14QW4E7Plig9F1D7K_9Q,2,3,0,6,2,0,8
qTrP1gx3mZefy6tXDpseWQ,9,4.22,0,5,1,0,8
OnzfT8LAge9g28_ySalO0w,18,3.72,4,7,19,0,8
lIykok_JtPOMsJ3y82WcrA,6,3.14,0,5,6,0,8
4IOlM5-tYK1j_b_HcUclTA,8,2.63,0,7,4,0,8
9oudp-BdcrHMNttn9ZC3pA,10,4.1,0,4,2,0,8
fBD_PlOXmqCPcNGdPCnlAg,107,3.67,4,10,6,0,8
eK6Na9azgO83ULUO31SYNw,12,3.5,0,7,27,0,8
hL0DXwlRBMEe5O45pcRKbw,6,5,0,7,18,0,8
qDa-XjRSCHZpV_qMsgJs7Q,156,4.22,12,8,14,0,8
aVDmUnl4BmB-C9jYvwidxg,2,4.5,0,7,10,0,8
A72058bdyLuadbM93FM8_A,4,3.25,0,7,77,0,8
gNLc1atcn7jw9jxvHbDvKw,76,3.81,13,8,128,0,8
fsoe8vEzAYgg40YrnuOQ6w,1,1,0,4,88,0,8
SnUBoHmU9YiJKoRQ1zsM3w,2,4.67,0,9,2,0,8
OpcDbeWucmeIWXO365aEXg,38,4.18,0,4,61,0,8
XAuyeyGASHmZKezI77w4zA,2,3,0,2,9,0,8
MqQMEl-gQqV0wIXOMMm0XQ,2,3.5,0,8,21,0,8
tGj5ngRPcP8vWhyhhdzJWg,55,3.9,0,6,64,0,8
kzfLcWDecJ4WfiiyjUuIMQ,19,3.05,0,5,15,0,8
bNuxd71BxyDmP1gAIVMYTw,3,5,0,5,8,0,8
AWuOG7piDwRxTSBf4-kc3w,3,2.33,1,5,18,0,8
LSPjRF5O2cA1So36tZQaUA,11,4.36,0,10,4,0,8
IVxKfkJkclVLFc5-TbF8sA,4,5,2,6,12,0,8
pk69Uc5OHj2g-oHdIV517A,3,3.33,0,6,6,0,8
2Lx9Bp34C_GfzDJFI4U9TA,4,4.75,1,7,6,0,8
Phn8NLoCW9QLGYJ9Fr38Mg,3,4,0,3,6,0,8
kwBDjL9mH8TE7oHJEYVSLw,1,5,0,7,8,0,8
2yy2SzOmc2z_jmXXGjTHog,8,3.75,0,8,1,0,8
ccBdGHQQXsyjSKfdBDW0uA,11,4.58,0,9,4,0,8
#NAME?,4,4,0,6,3,0,8
SpvI7K20ivKd9-jiQlvukw,8,3.1,0,8,20,0,8
qmG-cHYVri6L3pfgYYreew,1,1,0,5,4,0,8
kaI8Jgq_rYJDyxiJpyErow,4,1,0,3,7,0,8
UK_OnFvDCC-YqiLY-xlYBg,23,3.4,1,5,9,0,8
fAIXquIYY3b9POruIo306w,35,4.2,3,6,36,0,8
AdST-ndY0LLg17xS1hXQ2w,1,5,0,5,5,0,8
F7sNNrk6LwlDzQTwjX9V7Q,136,3.62,7,11,39,4,8
sQymn2LBo5e1mFS_BAmLvg,2,4,0,6,4,0,8
hdslUsIs0D5tt8jUA4UCRQ,22,3.86,1,7,33,0,8
pv0_1NonpTQN3n0J8QzDZA,15,4.13,0,3,3,0,8
LVRSwy0ZJIT464mmkjwi5A,16,2.94,1,6,29,0,8
5_MZVyqshlvrSGJcGUrxdQ,1,1,0,7,7,0,8
_935SaxZ8w7CN642KwIx_g,9,4.11,0,2,1,0,8
oXO7KKMxF0_xXcTqFcSFDw,2,4.5,0,7,6,0,8
Bf4IVFqKL7N0fmtngA6HQQ,1,1,0,7,18,0,8
MI5eVaTnSE9siiOlc_eIaQ,12,3.08,0,7,23,0,8
RggPA5224Mk0gfkMLHq51w,14,4,0,7,14,0,8
u07se6br8-Sad8OItUvoUQ,2,5,0,8,6,0,8
MDnVmoWWsZcjEk0im3qH3Q,2,3,0,1,20,0,8
vnG05xP-Nw__6kdU5xbLZg,29,4.23,2,7,1,0,8
kZtVka5PBfLTZhs5n4PAsg,3,4.75,0,2,1,0,8
HD8SJXfHr6bIykeT_sjO-A,4,4.75,0,5,6,0,8
iwnfN3KVMXvChlR8BatO0g,3,3.67,0,5,16,0,8
yn_cX92jj4APkZFFnjwtPA,8,3.88,0,5,9,0,9
QkO16gr4QaPaKPWeUTAEqA,32,4.12,3,8,15,0,9
nazlxDutX5FcG3F6xnFF-Q,11,2.58,0,7,3,0,9
R6hRgeQYYOOStQRKifjJGA,6,4.33,0,8,10,0,9
FdUk3AM9eaTar0E1h7bMAw,2,4.6,1,8,41,0,9
yNaKwYWR411V1NXm8dM-Rw,10,4,2,6,3,0,9
8V-BD83GsF5dx_mo4VoiCQ,7,4,0,8,39,0,9
BvW3yPDFn9XfiLN_d2Yo3A,4,2.75,0,5,24,0,9
j-2WxQKIB-zuU3SA3z1oeQ,28,3.07,0,6,1,0,9
fxIoQO2HXYIEBDLZQxgB3Q,5,4.4,0,7,6,0,9
yRDRzQABjq-Ar2llseXHYA,15,4.73,1,7,1,0,9
AYQP6KiSKQ7OZ4pttvIWeQ,18,2.42,2,8,10,0,9
xjZJZqfCQWiCJEQiq1mlmQ,3,5,0,6,3,0,9
yXzoaRfyU8c14FutmrbR7g,7,5,1,8,38,0,9
WsmtTv_zp0nsNeOi0Rez6w,25,4.2,0,5,3,0,9
f-aB48kG_P457HJcLBlGtw,15,3.8,0,8,1,0,9
zMVoAPZXgrzt8bimI-l_0g,9,3.3,1,5,24,0,9
w8mZtmd_SsPmvOfA1JEt0w,1,5,0,6,5,0,9
bXDevfvrY8rvCnJhFuL4LA,37,3.56,0,7,3,0,9
_VWryFnJxRzsTRUZS0_bzg,1,5,0,8,1,0,9
XAhVaGihwO0Bdr5gEQX_Xg,2,5,0,4,1,0,9
zRQ7kF6TDJdGf4EIpncDVg,2,5,0,2,1,0,9
i3kXTTWCp_pEqcZ4Ofva1A,3,4.67,3,4,5,0,9
mwg9z38_YlkYgudq_1jajg,27,3.61,1,10,14,0,9
82tMGcPK3J9SFKz0DHvdXQ,10,1.9,0,5,14,0,9
Wj5mdPckI8UcWgiNk4HECA,5,4.2,0,8,9,0,9
d8veymLDs8iXyqkR_l9UGA,23,3.87,2,6,4,0,9
rZ3Y8P2F-22dQC332Zy-zw,7,3.5,0,8,3,0,9
i0ySYe_LjMhnR8H0IflDDg,39,3.34,2,10,27,2,9
G3p6CPmlkUU5S26qRoylBQ,16,3.63,2,6,1,0,9
L3T87uN-M1k9A4ccXw5t4w,6,3.33,0,6,15,0,9
5aKil2ctDLEbPmtQKOwMZA,19,4,0,4,22,0,9
7lr2PmO1zDkjC-BKYtTF6A,4,3.75,0,5,87,0,9
EmKJP4tkQma1FqdFXOOqoQ,17,4.53,0,3,26,0,9
6V7UqYj8J8h9BxPAMe90MA,5,4.29,1,5,23,0,9
RkDMzqaKafFzBs7CuMiFLQ,8,3.63,0,6,13,0,9
qizdCk8dEzNVDEozwfm57Q,60,4.2,1,8,83,0,9
DVvMZGYJZx0TaEiyTODMQA,6,2.57,0,7,1,0,9
lak7bK4H5KjSka1FBxgnqA,5,3,0,9,5,0,9
uDgy4OGBVKef-_DLYceolQ,8,4.38,1,9,7,0,9
BqwrovBXMhkS7sXPY5TBng,4,4,0,7,4,0,9
31mrVlTIDg8NztuBJCs8tw,5,5,0,7,1,0,9
8Rzkw9XdCN30sUlpFKKjdA,11,2.92,0,8,7,0,9
JKftkPNtustznQTlwbG8Mw,4,5,0,2,9,0,9
2Xx5TmFydQUja-r8UKK1yQ,5,1.6,0,5,19,0,9
4kcW01syrELDtzqGsvq0xQ,15,4.13,1,5,9,0,9
aacaN5RjxK6AFWwtL6AGpA,11,4.27,8,7,18,0,9
cYTlkuqzryigXcL_YxraoA,3,1,0,3,2,0,9
UX7JRUH1yBfeu3E4o-PKvg,1,3,0,6,10,0,9
8bGR8txr6FiEhF-L1lJgxg,10,4,0,7,18,0,9
4FXE9qM99cB5zARDbQmIvw,1,5,0,6,8,0,9
xUduOnYpa8j9nak0ISmZew,24,4,1,7,41,0,9
3E01ehPOxJaTRe7Nzok1MA,13,4,0,7,89,0,9
yKAyrYfjBCgBjK82SFY5-g,18,3.74,3,3,7,0,9
u_K5d1wXR0KkVZzw68tfqA,3,2.33,0,10,3,0,9
rtRfcS3AVJVaUUuU0Elh6A,1,3,0,5,55,0,9
2WUxefmiMGhFhDcNLUXUFg,19,3.37,0,8,6,0,9
9W01kWLg2ci7IONKA6nKGg,25,4.77,0,6,1,0,9
_nJAZ8q3b51wkK5zsli6NQ,12,3.71,2,8,9,0,9
C9hBnL8ZL8UTMRZJgdEDcg,7,2.86,0,8,14,0,9
LbfcWvGaVrv3RmgQL_MYmg,1,5,0,2,19,0,9
_KnlbI8JwlZprsjN7KJGcQ,10,4.6,1,9,8,0,9
2IGNSKSFRcrogCoAFal7cw,1,1,0,1,12,0,9
qqySmw16YRySR7G_ynwizw,3,1.67,0,5,3,0,9
0pGyGbmpHhMMDE2S06QIjQ,9,5,0,6,1,0,9
wbgRWDhOYNWdWUSshp_3cw,7,4,0,2,32,0,9
TBcg4jWE5iD7RfKlll0RAw,3,2.67,0,3,32,0,9
mRTsibbXEHQrSNjUv-AghQ,11,4.27,2,6,7,0,9
3mgSZ4ixpcx_QWVfA0LMRA,5,5,0,7,9,0,9
LezdKJ0obJhhsM_QlmCQiQ,49,2.94,1,11,33,0,9
aeaimafpLTLbL6HHdsYoHw,1,5,1,4,12,0,9
lhineYqpC1PK8qtASxvqMQ,8,4.25,0,10,17,0,9
x-3i0RMyuLRi8-7Xfc1KPA,6,4.33,0,7,14,0,9
SodLwfgQLzqTs_1AadvKyQ,1,5,0,7,17,0,9
iNjb3N0-99VyfTFqFf40jw,2,3,0,5,14,0,9
I7f5fdn8cfFEVdLIug_lJg,16,4,0,7,12,0,9
fetfgWcjZo7XC7YnwQXVfQ,3,3.67,0,8,18,0,9
g91eg7UTLGdK96SiPMpTRg,16,3.25,0,6,8,0,9
BegtcSzxZiuUB6IPQvK2Ng,2,5,0,6,43,0,9
YioDeQAH63tX4DJCm9onNA,3,3.67,0,7,3,0,9
XpR8FWfz7jmPHVr4nhq3pw,3,5,0,1,6,0,9
CRzgD27Px4q5VnuHTi7vRg,32,4.19,1,8,23,0,9
xbgBNq-mLkBhzQSl_cae5g,6,3.43,0,8,21,0,9
G8L55USXNEmdsptRT3P4zw,2,3,0,7,7,0,9
nbKnn2hFSpjiaTz9-AW6cw,184,4.25,1,10,16,0,9
Mnpg1NNS9QyAsdfVonxxmg,12,4.11,0,3,2,0,9
dEw7eRXDtJ-yma1oXWufzw,47,3.89,1,9,9,0,9
L59L8SPh1Qfp8pe0IX8rmw,10,3.8,0,6,9,0,9
XTHUxyHgR7WEfdXgZIh3bA,18,4.5,0,5,1,0,9
H0q4Vvm-B0vWibxZ1IfCOA,4,5,0,6,14,0,9
q15JwVmI3fRID6aoWUKTMA,2,3,0,6,1,0,9
vDbSOIdqUsDCw7iN5SL2Iw,16,3.74,0,6,7,0,9
rEI7U9eKAsbRlF70UHl0iA,2,2.5,0,8,6,0,9
CiHPk9FNgfFMdyzny-NJ5Q,1,5,0,3,33,0,9
0lOQSEdoBdbMBPGywI-CTQ,10,3.23,0,5,26,0,9
AHqllFSymH4TK5BkedTIZg,4,4,0,8,18,0,9
w9KkwfRDBufRoy6EWvebTA,71,3.82,1,6,8,0,9
kmny9ZaWK4btsEru7Nm2vw,3,5,1,6,7,0,9
TU0WXxKuAk5HQpjjF4_YXg,15,2.47,0,5,4,0,9
HY4YwU0h6zl4dhLE1Uum7g,1,1,0,8,4,0,9
7Lx10Xd2HvMLBqH-5HVyXQ,13,4.47,2,5,13,0,9
9ogWfbPgSr0FU8BrRY-b7Q,1,1,0,7,15,0,9
yJKCMOV8Bo0WYhYfd3koJw,1,5,0,3,5,0,9
9TgjL2XG0Zu3H9-ncRqXDg,1,5,0,8,10,0,9
0vDhTzPuthUI_34EUH6v_Q,99,3.6,7,8,110,0,9
IUmFJIX29yuxbFsJeEcAnA,23,4.33,2,6,31,0,9
d398FMRG3RKv54El2PY94A,20,3.38,2,6,3,0,9
CqnSO_I1iIGcEHp7Ua-zcA,19,3.75,0,8,61,0,9
Fe7C6jRUU5l4_An-xsLzNw,112,3.74,6,9,64,1,9
AW1KCU41_W051O9NFNvBhg,14,2.14,0,6,7,0,9
VpwTPvuHcpXsBCj0tMOJJA,6,4.5,0,4,3,0,9
ZEg9PBcEvKmmgq5LixgkUg,2,4,0,4,1,0,9
QPdaOvp79F9sD6nx__Gc9A,23,3.91,2,6,2,0,9
q4uFCFVr6Q35Bas6nKypPA,17,3.94,0,5,12,0,9
Pcs9DalO27CZOQtWXZ8LUw,4,4,0,4,4,0,9
eOkJ8QRNFU9BsB1R57HzdA,31,4.29,1,4,24,0,9
OG3-lPmdf3SAOwyCgW03Tg,5,3.8,1,6,14,0,9
87mrflIEDlDfmeWfnpcpug,3,3,0,6,1,0,9
7RJpBYkvLoaGutltnIhKFA,41,3.16,1,7,1,0,9
EZGWO5VNuAaN5Kf4C-v9BQ,4,4,0,6,12,0,9
vqEGrP8MrKV5BaRz38ygSw,11,3.64,0,8,3,0,9
bwRbJjmYU052e1KfTRjDgA,37,3.35,1,11,6,0,9
PsueUHjgUvcUhJ2pPcUU6A,3,3.33,0,5,7,0,9
5M_-zvxF6ZbDPgm7m2ooig,7,1.71,0,5,2,0,9
ggeNt1RtgUpKapDd7DL2cw,41,3.27,1,6,25,0,9
DHCO9dXo-h_nTj9h4A9B1A,4,1.25,0,5,6,0,9
1UpbY6EIEBzoDpxZs9XLTg,2,5,0,5,15,0,9
CuBczTRSFqsDOTv6FOZbjA,19,3.74,1,6,9,0,9
uli7VMsqCtgfiLlytU3yUA,3,5,0,4,39,0,9
53-4NfDSmQepB9bYGUPoWA,3,5,0,2,30,0,9
f40El17QlXb6R9CkanFogg,18,4.56,3,5,7,0,9
FvSwBfLSiMx0ZSNbeXuprA,22,4.32,2,7,34,0,9
YmTUXcWWuk3Hc0O7FMiOMg,26,3.78,2,10,16,0,9
YTG7uKZtSV-hiDi19PisgA,4,4.75,1,8,3,0,9
jSGihjiqD8p31E40wG6q9g,27,4,1,6,24,0,9
4HjIBlv362-TpgVcI4VOVQ,5,4,0,8,2,0,9
7H0vJk-mjuXgvvGwj_8pyg,50,3.16,0,6,4,0,9
cPsAUeyBYl6EcrMAxKVWRA,15,4.47,1,8,3,0,9
#NAME?,1,5,0,4,7,0,9
0H1fj_MjxzImMLNImHN00A,1,5,0,6,8,0,9
_duRSqxFbp5VaFJtlMe8SQ,7,4.38,1,6,12,0,9
bDepQ1juy31-kZuOeGo1nw,31,4.06,4,10,5,0,9
SjlfFVUPjJ8uUSz8DwgH8g,2,2.5,0,8,5,0,9
jL0M2XZgUzrFNPUJiCZnew,1,1,0,4,4,0,9
j-ZIoGIVqgm8XyMp-04h_A,16,4.06,1,7,6,0,9
QSfVYrd2LoZ-nqXtTt8v-A,32,4.13,2,7,3,0,9
Vk9klBjDJiFzJ0E5XQvr0g,4,5,0,7,9,0,9
OXbgUHL-v9XEJ8oGtJp-7w,10,2.9,0,8,13,0,9
LbbGWwjb7Ht3PQkLGr4BQQ,8,3.67,1,5,3,0,9
LIce238FJMYDh_Jtp6KZxg,36,4.08,0,8,8,0,9
qW23PR1CGqHpAgteKG6k7A,37,3.95,0,6,12,0,9
0N7k5WjwM2TGOvNMZQxvFA,3,4,0,5,3,0,9
C1_AvND8ApbjfZlKbtbbEA,33,2.94,0,10,3,0,9
wI6ZCwmmiDwAq3CAWOuiJg,2,4.5,0,7,10,0,9
qOZ7yzfMXqAsfXyu_DcvCw,4,4,0,9,4,0,9
_nWmbK4RkJMWnG5Hc39JSg,4,1.25,0,6,5,0,9
yKb5gczMTrTJfBaNZ2fVUA,2,1,0,7,1,0,9
y1lET1GUZqFJWd23Upp1ZA,1,5,0,6,8,0,9
_WxqT1ok5mGgtsAIeOQdBw,14,3.71,0,7,16,0,9
rl0YLevSZsr5yN_ycfz1Yw,4,4.5,0,3,21,0,9
iTEOlNWDHG9kfYzy3aUc7A,7,1.71,1,7,7,0,9
0NGRFKulbXxMwoyHCBTBpg,2,3,0,5,6,0,9
1oTsMG8ZPz85QlVYo94bWw,5,4.6,0,5,1,0,9
#NAME?,2,5,0,2,30,0,9
m-JGZhX0_JH6ynJDLjpjYw,2,3,0,7,11,0,9
ybcCDWqAlmQBV111elnLHw,24,4.42,0,6,2,0,9
fagXqfkdoGyxGKEgj4imaQ,4,5,0,10,7,0,9
vEYZM5GBerw2R5WHzuxjcA,20,4.3,0,6,3,0,9
p4YYTt9-AgZQq6hN96yXdw,3,5,0,8,3,0,9
aGc22m68wKmP85SO0_feiw,3,2.67,0,8,4,0,9
5Urgz6SJbtWFpg3pQ5drDQ,22,4.08,0,10,51,0,9
fOCV2evqdjDpfI-6ULvr5Q,2,3,0,7,6,0,9
3to-uxqZvdDvh_3I2EaB2Q,4,3,0,3,61,0,9
4faAjxsQc0wBmgqp7PJUPQ,81,3.62,6,7,18,3,9
Nvfd6xhpPtiloYRk5kt3ng,4,4.5,0,3,3,0,9
bEqvIjRzUdz46uiWASCazQ,1,2,0,6,44,0,9
emurw-4ZRB4ZzNPtkKW8dA,420,3.55,36,12,102,4,9
JNRDWUE5exH2mGjSqbUF7Q,4,3.75,0,5,10,0,9
zqCkjfyADYkJMaMm5j50HA,6,3.83,0,3,9,0,9
Cz4u8uf3uSfb8u32AR39cQ,42,4.14,2,7,54,0,9
4h79-_vs7vFMWezkuYEl7Q,1,1,0,8,3,0,9
l6oC90PDeDKvc6indBGMfw,2,5,0,6,2,0,9
pQOak-VzuQuuSl2PpK6HcA,52,3.63,1,10,6,0,9
3nBcf7dDlUpivnCvbh2fhQ,4,5,0,5,3,0,9
U6Q2vwTi8hJQYieFEchCIQ,7,3.13,1,8,2,0,9
MThwAttQdgDBVm7DbeT8bA,5,4.33,0,5,9,0,9
OkDeK0BYMjYMzYavskjh_g,2,3,0,6,8,0,9
1H4KXiXwo5WIpz3jr9j5tw,2,3,0,8,2,0,9
XNf9Id0ln2oo4O9RNZltQw,1,5,0,2,1,0,9
bioeLZSrNbarmEmkC78SvQ,80,3.39,2,11,32,0,9
Pxqv0XHjD8sr0rmabkWC_Q,6,3.5,0,8,74,0,9
K9vMmOZ_dZlwPP69u9CvPg,44,3.68,0,9,7,0,9
eDC0ZSOVMa84GtOZou08Uw,5,4.4,0,9,43,0,9
efkItVrcK5TG0aaePJTT7w,7,3.38,0,5,2,0,9
sXIgb66EvypZJUscdywtFA,2,1,0,4,8,0,9
YVuEx7svzvp72icnlb2gRw,3,2,0,4,1,0,9
Xyj_krVbFEN72LUnLof6Og,3,4.33,1,6,20,0,9
5s3lVDUcCz3bSC72VzloqQ,3,5,0,5,10,0,9
52O8fEtivVE7k49oMWW3xw,2,5,0,4,2,0,9
v_9sc_KO4mBR7bU3lnIm9w,2,5,0,6,4,0,9
oWUkX2Lsm0nmTmw6fxjNwQ,1,5,0,8,16,0,10
xGO_NqkY-08j7E2doSz2Kw,24,3.96,1,8,12,0,10
_2X3YAo_fDkzWOOpVVB1UA,69,2.76,8,7,7,0,10
NTAtlHMkfouWlYvTO2VI7A,6,3.67,0,5,7,0,10
vtxOox90AKwWQikCDtsYOQ,1,5,0,2,12,0,10
VrdDW-PRLwtoZgt1dFUIgQ,16,3.25,0,6,14,0,10
_jKYrgdpZDjJLe7efePPXQ,1,1,0,6,39,0,10
c3cKGcUntgpdhOKNJSIl5g,49,3.96,2,7,4,0,10
MJhVovopH60ccfM4Xustng,16,4,0,8,6,0,10
gYiF39rWifTzehz8V5tpow,8,3.5,1,3,2,0,10
4Y5fFIcJ1omQlr4wsCpw1w,39,4.14,1,6,5,0,10
kzoDmxs4_XuzGwIbXWMBoA,102,2.93,3,4,11,0,10
gdf2mbuVmQRH45FqMyNhqg,1,4,0,6,8,0,10
MrnUs_UJJX_UqHG9FfhMew,5,4.17,0,1,14,0,10
wtr4iJpUlOLe7b0IdsFjlQ,5,2.14,0,8,15,0,10
Gpv5ZzfRB0YwSWVuc5AEFQ,1,5,0,7,22,0,10
RGQoQQ35edvYORvohb07Ow,6,4.67,0,6,21,0,10
5P5zMs1xRKS4CjSn0cO3-w,8,4.25,0,4,2,0,10
XDlUWfqPsRi0PB3RSeXTnQ,13,3.38,1,9,12,0,10
Hn6xgnc2ftKKjcEJQaSbEA,9,4.33,1,4,4,0,10
p6ciuugLXnwkZGq6jWlibA,11,4.33,1,10,5,0,10
mwRyn17dZ7s5gvNggwQxOw,4,3.75,1,10,8,0,10
gErfxYGB_x_gC0K8Cv5kRg,1,3,0,4,3,0,10
Zf3ChqU8JwE4oR1UXLAOww,14,4.07,0,9,3,0,10
BoBd46nMDUgHqgZYr1xFgw,2,5,0,8,14,0,10
aTZrRPRWYDASTaKa_es9ew,81,4.07,1,4,9,1,10
Dpyal9p7-E1HJgcRixQLdg,124,3.81,6,12,77,2,10
r8SMqeNKRPmGYBQrdTXiww,1,5,0,4,17,0,10
FgGiQc9zpM_va5JZMvJtMQ,117,4.28,17,9,243,2,10
yz-6domH1dZn-OIxi4a5dw,5,4.6,1,5,28,0,10
dA6RUdQ_NWfRWvqzTZCSqQ,13,3.62,1,5,10,0,10
2njYjdivrPSgTp-k9pReyg,2,3,0,4,4,0,10
iDCW3p87Uo_q96rV_S011w,59,3.13,3,5,6,0,10
jBIH28AvlLMwiB4UH3BFAw,1,1,0,5,8,0,10
_5wK--bu7WPefHXmZ6ciMg,6,4.14,0,5,3,0,10
uT4x9SQK29shjud7F3jOJw,4,4.75,0,5,1,0,10
Ex-FphjZL-yv2yQ-NCAfLg,9,4.22,0,5,5,0,10
uT-s0NDX3ISDzV7MHAYx8g,10,3.42,0,2,1,0,10
dOxyH4CVAeldeCEoeW5VGg,7,5,0,6,4,0,10
N0feumynACaJ3BsmUrdQQg,1,5,0,5,12,0,10
kXCBrsvcp2UvouPT-WicpA,2,5,0,5,1,0,10
XTPjAvzX3HtWKhPl4RczBg,28,4.21,1,7,11,0,10
2S_3o6F8heX8yfBWT0b_bw,5,4.56,0,9,5,0,10
dCfdIWn2U_ZyAQ8A-Vttig,4,3.75,0,6,36,0,10
Ht9spSggUhyvHhi6HjjB3g,11,4,2,1,4,0,10
fu7_QGYYRniJ4eSJuQf-IQ,18,4.06,0,4,7,0,10
ceQdm-0lHeeuKUjbWpvqcA,8,2.5,0,2,12,0,10
c4gpWKfHMekz7y6Apio1mA,13,3.38,0,8,8,0,10
CjpW_j1krveFo8j_5CuTTg,4,4.5,0,7,13,0,10
3jPW7c1ghk0sKszWH_P6ew,3,4.33,0,3,5,0,10
NCXR46KYwK1cA6GdWomtDQ,28,4.03,5,7,5,0,10
vGq5OBXzHUNpnJJdjL8b2A,3,5,0,4,110,0,10
bAzdeuQiR80wVOLUh7ox7g,488,3.58,19,10,225,6,10
_3mAWdo5GRRevBTWzyWUSQ,7,3.71,0,9,2,0,10
MlEeYVW_UyXqpmsoio3z3A,10,3.9,0,8,24,0,10
U5g6Ycio6MPVU6wma62xGQ,9,4.56,0,9,1,0,10
fR48HnsUyRCqwo5EvEeb1A,8,3.25,0,1,1,0,10
ITZzASQ2Un-vgKf-c_McHA,5,5,0,6,3,0,10
9XI9WbSHenBDKcQcumPrtQ,4,3.75,0,5,1,0,10
v4O68n0ak4iPdk1GSBzApw,2,4.5,0,1,9,0,10
HlYsHgGXz73oupkwFP02sw,4,4,0,4,9,0,10
afxk7-m8asGx-VMtbQkvhw,12,3.94,0,11,4,0,10
BMQK3Sng2UIwgpqHJD21_g,8,4.22,0,6,4,0,10
GSjmlfuikwLdVwM17-9pfw,16,3.94,1,6,6,0,10
1FEuAhzMjZgkpacIkODm6w,12,4.17,0,6,2,0,10
PBU-s0r2zxj-ZIxbzpv4hw,7,4.14,0,5,1,0,10
SMRxtr1Aztls6wRAW2HtAw,1,3,0,4,11,0,10
iunhP0pDZBDJ0fNk_-7LCw,9,4.2,0,8,11,0,10
yVLEZSQPmO00JjPZPvJ-CQ,10,4.4,0,6,31,0,10
475sToT6W5UH5gMMvaIRyA,71,3.74,1,8,35,0,10
1kUm0Zwcwj_yc_b4WxXVZg,22,3.86,0,7,7,0,10
HGhK9PoNtI8ZrE0VAeLgfg,11,3.82,0,7,3,0,10
U8Yz75K2s5kaC95WqnxShg,2,5,0,6,5,0,10
X8QCtLqkkvZMfsKkE_zndQ,2,5,0,6,1,0,10
bjGfkX2SZPMeQTztYSfzWw,3,4.67,0,3,1,0,10
vzjUgjSEJv9MXBq9brL4xg,3,5,0,6,1,0,10
gOtJmI_llmF686G_Td7_Tw,5,4.6,2,5,3,0,10
SE-Z0odp0UWDEcvCKPmQGQ,2,2.8,0,7,1,0,10
CXgu3EeoH2srLdbTuCmSBw,3,5,0,6,13,0,10
Wy7k_kdV1Dk3ch2d_yTejQ,120,2.94,1,7,3,0,10
y6miJcu1cyeU9yvgvUBt9Q,1,1,0,7,14,0,10
L2ExhqSNKLndb0k5FpgPoQ,10,4.7,0,5,4,0,10
hd6RDZnFfdX9EsniD6PdMA,3,4.33,0,6,4,0,10
bxpM2wqfNEObRRW7O6JTKw,3,4.33,0,6,11,0,10
cpa0PzS2-HD277MsVWqZUA,1,1,0,6,1,0,10
2Eq5oRG-5dHajsPa2RIyEw,4,4,0,3,67,0,10
7lcUL-esG9LhlryH8m8waA,59,3.77,3,8,33,0,10
2_n9RiuHLkIuLowK50W68A,5,3.2,0,9,3,0,10
JZbHW2Ey0p227R8ufzA2GQ,1,2,0,6,9,0,10
ATjKX3hzy0YEvNfBEOiS5g,4,3,0,7,1,0,10
gn6GplhYJMch7tcAMwDTmA,8,3.75,0,7,1,0,10
jcSeam9CVlpfuO73WQe_8g,4,4,0,6,1,0,10
0_f6tmSMnBxFGw50xb8mzw,4,5,0,4,1,0,10
OAyWHuwpeVTK4qKKzZXuNg,32,3.16,0,5,2,0,10
XfqVFLekBZdkM_95hLkIdQ,1,2,0,6,11,0,10
qmy_BDUlpKQPoAHyn4coCQ,10,3.5,0,7,5,0,10
WEvkh8VS3uIeSV0pefzpyw,1,5,0,5,1,0,10
FZMiqSxy4p06arUUeIqg0A,36,3.2,1,6,3,0,10
2vPIvdbmu26Wp3t7uvIVKw,3,3.67,0,3,37,0,10
a-LpKYZrwgXnCoZAt4lRZw,29,3.76,0,8,41,0,10
3yQdZSaJyuOfhhpLZiPB0w,19,4,1,8,14,0,10
g0TFz-8S2UxpcfsTLwNPFA,16,4.38,2,8,28,0,10
Yx_bGqjNua_SZSBt2NxnoA,12,3.75,1,5,25,0,10
SfAoBkka5grilz5ZPn29RA,9,3.11,1,7,7,0,10
i9h4AFDjlJeh18i1tLwBXg,13,3.87,4,4,8,0,10
nRGPt0d8SH9hdegkeVqlTA,157,3.75,0,11,18,0,10
vZzK7Fm-zQMiPWbHRR_a1A,4,4,2,6,13,0,10
i6V2YqZFf4JF_kCdfS1G4A,1,5,0,2,60,0,10
eKj-dkbNB-AJieLWBcHw_A,11,2.46,0,7,1,0,10
wLgnD-t9UBTlZfWZS7L-TA,1,5,0,6,3,0,10
AgesARt_xRbnpPk1Md46EA,2,3.5,0,4,2,0,10
E4xA-CMY_GQ36Dy2H49T9w,3,2.67,0,6,4,0,10
ZdxEBSMCQeC9tUl9dZWzwg,2,2,0,5,13,0,10
0gCNnQ4bPfbQ4lSaAXRwdQ,3,3.67,1,8,2,0,10
F5Hvke55LlLIgkZQ8moERQ,1,4,0,5,9,0,10
6Z8IZ-ZtWv7GdW5_2ADppQ,1,1,0,2,96,0,10
GHdLsEQtM7g3qnSkeSQBpg,7,5,1,7,6,0,10
zIQiy5RBOyak2pXN9RfMpg,11,4.55,2,7,146,0,10
9tW8mWWJ9WpLZOW3c_tC7A,186,3.68,6,9,106,6,10
7DwMxUOjDhAgMEzH6ic2Rw,17,4.56,0,5,31,0,10
40LnigeVla7p9APCa8VKSw,1,1,0,8,3,0,10
kWp-4EXGP0INw_k-mZa4og,2,4.5,0,5,1,0,10
QEetxlqgtQk226kFojgh4g,1,2,0,9,2,0,10
fu9XwaUJJzUDnaFlxcLKBA,9,2.89,1,6,10,0,10
hKwQ2ubPLRPjUAM3-EoQJA,3,3.67,0,5,7,0,10
cudQtR49dhSKyUEEVdNkPg,10,4,0,4,4,0,10
J71d2YdWwdhotLCHVehsaQ,1,5,0,3,1,0,10
7Jp9tX7B8RdP8z3EHWcwHA,1,5,0,4,4,0,10
jdhbdz6ezN2nYdE7augehA,24,4.08,1,4,2,0,10
ba2QmsXCsi2c24MsllFqjw,5,4.8,1,6,51,0,10
v9udHVQwrA807fO60H4CLg,10,3.36,0,9,6,0,10
AOj7L3Nvyk1uoUTmlPlsng,5,5,0,8,28,0,10
Fka2SzLBhGfqpFyvvVrHPA,3,5,0,9,3,0,10
rLklrSdoDJmXLJZa_OZ2iQ,2,5,0,5,8,0,10
9RJB-rFTFt4vEU1H70gXig,25,3.58,1,11,16,0,10
A6h-7Q0f7lUagLBvbqEsYg,11,4.75,0,10,2,0,10
HXdLASCoo3dLTQt_5EdvzA,5,4.2,0,6,2,0,10
Dx5jNnolpQZ_eMfGe4LvGw,29,4.34,3,8,18,0,10
6eStwrCvyzcCDWVrzSwUzQ,91,3.98,8,7,44,2,10
4QMgx4MuhYyeDVcoHjy1EQ,3,3,0,5,5,0,10
qHjfb8aXYaimoIyx68jfIw,3,4.33,0,8,5,0,10
4zUuF9iKMUEsWiC-sSeNQw,13,4.31,0,7,4,0,10
fsaidJC3mwsQka7oGsBVYQ,8,3.88,0,4,2,0,10
C1qP554FkBz_iekzDdYMaw,5,4,0,7,5,0,10
4OcTMOPBwY-IET2Qi6e9GA,23,4.35,0,4,5,0,10
HZIEnX8jfm0CLTu6kU2yDg,6,5,0,8,12,0,10
GyVhManAaa5WIgjZ-jWLdw,3,3,1,8,8,0,10
jbRHMlASE5_oWU-_DtqDpw,2,5,0,6,2,0,10
zT5l9if9rwU8dhCzQJ9v9g,2,1,0,4,20,0,10
Xyibu1JNtOEkBF96Z1H_9A,2,5,0,4,4,0,10
dnGOqrbDSGvpIVHhwUpHXA,6,5,0,7,3,0,10
uI1U12K2Pq2P8qvMs0B7RA,1,1,0,5,5,0,10
m1ndebEPwqlRynFVpmYk3g,53,3.81,6,10,2,0,10
8iq1bJcl3YbbvYtYPn8eTA,4,4.25,0,6,4,0,10
PolIZmNukVawHcJH1B1S6A,42,2.87,2,8,18,0,10
LXW5r2WNInNXDrVDFQgDKQ,3,5,0,7,5,0,10
fZlYUIYB9-QSH7oYKk0K3A,1,5,0,3,7,0,10
o_LRHYJArAj-ndObRD6KDA,1,1,0,4,2,0,10
_POmx82dS9xtD0G0ax4M8A,3,1,0,7,2,0,10
ECTBSWJXwnsDTJP6ROjOIw,29,3.03,0,6,11,0,10
7v0z2XvSMsdMLAawd-ihAA,1,1,0,3,9,0,10
LoqB46E2WUuvmwxXx7mfbg,7,4,0,9,65,0,10
SyXoJmS8kVy6ElNmH4aJ0A,3,3,0,6,19,0,10
lvba9-VmkETnjB87BrHGOw,5,2.8,0,8,23,0,10
v4PIqrMurq9y939LUjYjbw,1,1,0,7,4,0,10
P54-jZwQfW5eMs_ukjfgIQ,1,5,0,5,4,0,10
UMRPnn-PmNn8noRrfBAC4g,16,4.06,2,5,6,0,10
Edtm4YA3GfeRWGqXbNwwGA,1,5,0,4,4,0,10
NpU3Qf2PaB7tXJ5m-eMuvQ,244,3.25,17,9,47,0,10
B7ZIRzjRicXJ-rG0DKzP3A,8,4.56,0,8,11,0,10
#NAME?,3,3.67,0,1,11,0,10
oA_cyKMPIBsjgynv7ro1yg,6,3.5,0,7,1,0,10
LMl3lOqittGrHI61ug4HVg,20,4.7,1,6,20,0,10
Hqds_FwktTNoUbu0bCbu-Q,12,4.17,0,9,2,0,10
K97qsQQQai7na-xFZxiJqA,4,2.5,1,7,16,0,10
J1uS0J5qr_R3eagpwdRvbQ,1,5,0,3,8,0,10
Z2VsNknMC_0SHqii8kNZ0w,12,3.58,3,9,25,0,10
zILU-oJvSwfssVQsEWGNVg,8,2.75,0,8,72,0,10
5oJBrOpZjsQWpk7gGIa4Sg,3,3.67,0,4,1,0,10
NeVlTozYb7B6yULNnXAqEg,3,5,0,5,2,0,10
Dozw_8IPXJyDKHhSuIvQ5A,7,4.15,0,7,1,0,10
Nym1l6I0gMFrr9WCAcMO0w,38,3.45,0,5,31,0,10
L8i-NhhGirQNz3XI7Tv-lQ,2,5,0,8,1,0,10
yko1fKOqyhZ6LMeCE0Z7cQ,38,4,1,8,2,0,10
MsUqQXe8PuzXKr4u6HEkXw,13,3.54,1,7,43,0,10
5HMcwJ_dTlH2uL32YodudA,78,3.14,3,9,28,0,10
81tXUo-_uzbE0rLjybWIdw,64,2.9,6,7,23,0,10
Z3sZAcl5rpXihaWIjmKp3w,1,5,0,6,13,0,10
rg5SpALaZpXlu1yCiMl1HQ,67,4.31,6,8,48,2,10
sFKq_VVz4GpU60AwnW5MzA,1,1,0,3,9,0,10
FYXbs89nqfOw29NAtkzVMg,1,5,0,8,28,0,10
P4mrkEIFp90aqDzuX9hHTw,2,2.33,0,6,7,0,10
uwG79XgA3RnXze9Vu1iAgg,14,4.56,0,4,6,0,10
jEVovSNPbf3DFoYquDOaDA,2,5,0,3,16,0,10
sIB4raHVlF0VyPhNB8Q_2A,33,4.56,2,11,8,0,10
0e2-_ZANhDMa1Q-sUADp-A,6,3.17,1,9,18,0,10
haEnbnT5g07jo5akpa8myQ,29,4.27,0,7,6,0,10
ElL05-TTmUP5aE46tjEmPQ,9,4.7,0,3,2,0,10
nzJ9dBXV_UhJmpaws2Ikbw,9,4,0,8,6,0,10
v1mpQpIa3DB3MVV7Ogb0nw,2,5,0,2,30,0,10
ujaMeiiKIYuz_-0v90nPLg,17,4.71,0,9,7,0,10